{
  "sf4:age1/sapling/cottonwood": {
    "criteria": {
      "Completed Root": "2020-03-21 18:54:02 +0000",
      "Obtain Cottonwood Sapling": "2020-03-21 23:31:02 +0000"
    },
    "done": true
  },
  "tutorial:tutorial/oakplanks": {
    "criteria": {
      "Obtain Oak Wood Planks": "2020-03-21 18:55:00 +0000"
    },
    "done": false
  },
  "tutorial:tutorial/copied/greenslimydirt": {
    "criteria": {
      "Obtain Green Slime Dirt": "2020-03-22 18:15:27 +0000"
    },
    "done": false
  },
  "sf4:age1/complete": {
    "criteria": {
      "Completed Amber is the Color of my Dinosaur": "2020-03-21 20:02:03 +0000",
      "Completed Water You Waiting For?": "2020-03-21 19:55:53 +0000",
      "Completed It\u0027s Electric": "2020-03-22 06:49:18 +0000",
      "Completed Nap Time": "2020-03-22 18:21:53 +0000",
      "Completed Blue Man Group": "2020-03-21 23:05:34 +0000",
      "Completed Stop Slabbing Yourself": "2020-03-22 18:16:35 +0000",
      "Completed Sticky Keys": "2020-03-21 19:05:50 +0000",
      "Completed Captain Hook": "2020-03-21 23:33:40 +0000",
      "Completed That\u0027s Dir-tree": "2020-03-21 18:55:47 +0000",
      "Completed Cobble Cobble": "2020-03-21 23:39:21 +0000",
      "Completed Dirty Dancing": "2020-03-21 18:57:43 +0000",
      "Completed Not a Helmet": "2020-03-21 23:27:17 +0000",
      "Completed Lead it Go": "2020-03-21 23:09:29 +0000",
      "Completed You Cotton Be Kidding Me": "2020-03-21 23:31:02 +0000",
      "Completed OinkTree": "2020-03-22 08:29:44 +0000",
      "Completed Root": "2020-03-21 18:54:02 +0000",
      "Completed Lead Zeppelin": "2020-03-21 23:10:26 +0000",
      "Completed COALateral Damage": "2020-03-22 08:20:29 +0000",
      "Completed D\u0027OH!": "2020-03-22 18:21:02 +0000",
      "Completed This Tree is Forever": "2020-03-22 07:02:21 +0000",
      "Completed Hog Tied": "2020-03-22 18:16:09 +0000",
      "Completed One Shiny Boi": "2020-03-21 23:20:25 +0000",
      "Completed Slop in the Bucket": "2020-03-21 19:51:49 +0000",
      "Completed Air Fryer": "2020-03-21 19:10:47 +0000",
      "Completed Silver Spoon": "2020-03-21 23:58:00 +0000",
      "Completed Money Grows on Trees": "2020-03-21 23:21:16 +0000",
      "Completed Trees to Diamonds": "2020-03-22 07:18:27 +0000",
      "Completed Stone Crook": "2020-03-22 08:38:42 +0000",
      "Completed Tin Man": "2020-03-22 18:10:26 +0000",
      "Completed Silver Surfer": "2020-03-21 23:57:22 +0000",
      "Completed You Cotton Something?": "2020-03-21 23:35:47 +0000",
      "Completed Clay Aiken": "2020-03-21 19:20:32 +0000",
      "Completed SkyFactory 4": "2020-03-21 18:54:02 +0000",
      "Completed Hotbois": "2020-03-21 20:34:19 +0000",
      "Completed Sixteen Tons": "2020-03-21 19:56:53 +0000",
      "Completed I Don\u0027t Know": "2020-03-22 09:01:18 +0000",
      "Completed Oh, the Irony": "2020-03-21 20:55:28 +0000",
      "Completed Break a Leg": "2020-03-21 20:12:26 +0000",
      "Completed Eating Dirt": "2020-03-22 18:17:17 +0000",
      "Completed Study in the Dark Arts": "2020-03-22 07:27:28 +0000",
      "Completed I\u0027ve Been Slimed": "2020-03-22 18:15:27 +0000",
      "Completed I Love Lucy": "2020-03-21 19:03:44 +0000",
      "Completed Hardwood": "2020-03-21 19:15:53 +0000",
      "Completed Don\u0027t Sieve on Me": "2020-03-21 19:37:32 +0000",
      "Completed On the Rocks": "2020-03-21 19:17:08 +0000",
      "Completed It\u0027s Tin This Pack": "2020-03-21 23:54:39 +0000",
      "Completed Palm Trees": "2020-03-21 19:43:14 +0000",
      "Completed Starting from the Bottom": "2020-03-21 18:54:39 +0000",
      "Completed Bubble, Bubble": "2020-03-21 19:53:10 +0000",
      "Completed Ironwood": "2020-03-21 20:40:34 +0000"
    },
    "done": false
  },
  "sf4:age1/sapling/bacon": {
    "criteria": {
      "Completed Root": "2020-03-21 18:54:02 +0000",
      "Obtain Bacon Sapling": "2020-03-22 08:29:44 +0000"
    },
    "done": true
  },
  "sf4:age1/nonpacifist": {
    "criteria": {
      "superflat2": "2020-03-21 18:54:02 +0000",
      "superflat32": "2020-03-21 18:54:02 +0000",
      "Completed Root": "2020-03-21 18:54:02 +0000"
    },
    "done": true
  },
  "sf4:age1/sapling/slime": {
    "criteria": {
      "Completed Root": "2020-03-21 18:54:02 +0000",
      "Obtain Blue Slime Sapling": "2020-03-22 09:01:18 +0000"
    },
    "done": true
  },
  "sf4:age1/string": {
    "criteria": {
      "Completed Root": "2020-03-21 18:54:02 +0000",
      "Obtain Cottonwood Sapling": "2020-03-21 23:31:02 +0000",
      "Obtain String": "2020-03-21 23:35:47 +0000"
    },
    "done": true
  },
  "sf4:age_power/upgradeablegenerators": {
    "criteria": {
      "Obtain Simple Upgradable Geothermal Generator": "2020-03-22 20:55:29 +0000"
    },
    "done": true
  },
  "sf4:age_enhancement/energyupgrade": {
    "criteria": {
      "Obtain Mekanism Energy Upgrade": "2020-03-22 19:34:42 +0000"
    },
    "done": true
  },
  "compactmachines:test/7x7x7": {
    "criteria": {
      "Obtain Netherrack": "2020-03-22 06:55:26 +0000"
    },
    "done": false
  },
  "sf4:age_exploration/endcake": {
    "criteria": {
      "Obtain End Cake": "2020-03-22 23:59:38 +0000"
    },
    "done": true
  },
  "sf4:age_enhancement/stenciltable": {
    "criteria": {
      "Obtain Tinkers\u0027 Stencil Table": "2020-03-23 02:46:34 +0000"
    },
    "done": true
  },
  "sf4:age_storage/complete_no_prestige": {
    "criteria": {
      "Prestige Mode Disabled": "2020-03-21 18:54:02 +0000",
      "Completed Wood You Hand Me That Crate Please?": "2020-03-22 07:41:54 +0000",
      "Completed I WANT IT NOW!": "2020-03-22 07:38:55 +0000",
      "Completed CAT 5": "2020-03-22 07:17:24 +0000",
      "Completed Master Blaster": "2020-03-22 07:35:40 +0000",
      "Completed Age of Storage": "2020-03-21 18:54:01 +0000",
      "Completed I Like Big Box and I Cannot Lie": "2020-03-22 07:49:15 +0000",
      "Completed Hop to It": "2020-03-21 20:55:54 +0000",
      "Completed Breaking Bad": "2020-03-22 22:04:25 +0000"
    },
    "done": false
  },
  "sf4:age1/sapling/redstone": {
    "criteria": {
      "Completed Root": "2020-03-21 18:54:02 +0000",
      "Obtain Redstone Sapling": "2020-03-22 06:49:18 +0000"
    },
    "done": true
  },
  "sf4:age1/sapling/petrified": {
    "criteria": {
      "Completed Root": "2020-03-21 18:54:02 +0000",
      "Obtain Petrified Sapling": "2020-03-21 19:15:53 +0000"
    },
    "done": true
  },
  "twilightforest:progress_naga": {
    "criteria": {
      "kill_mob": "2020-03-22 19:05:38 +0000",
      "naga": "2020-03-22 19:05:38 +0000"
    },
    "done": true
  },
  "compactmachines:test/3x3x3": {
    "criteria": {
      "Obtain Grass Block": "2020-03-21 23:18:50 +0000"
    },
    "done": false
  },
  "sf4:age1/sapling/tin": {
    "criteria": {
      "Completed Root": "2020-03-21 18:54:02 +0000",
      "Obtain Tin Sapling": "2020-03-21 23:54:39 +0000"
    },
    "done": true
  },
  "sf4:age_enhancement/melter": {
    "criteria": {
      "Obtain Porcelain Melter": "2020-03-21 20:20:06 +0000"
    },
    "done": true
  },
  "sf4:age_exploration/lostcities": {
    "criteria": {
      "Entered Lost Cities Dimension": "2020-03-22 18:38:12 +0000"
    },
    "done": true
  },
  "sf4:age_exploration/tritaniumore": {
    "criteria": {
      "Obtain Ice Tritanium Ore": "2020-03-28 16:47:45 +0000"
    },
    "done": true
  },
  "sf4:age1/wooden_crook": {
    "criteria": {
      "Completed Root": "2020-03-21 18:54:02 +0000",
      "Obtain Wooden Crook": "2020-03-21 23:33:40 +0000"
    },
    "done": true
  },
  "tutorial:tutorial/copied/sandsapling": {
    "criteria": {
      "Obtain Sand Sapling": "2020-03-21 19:43:14 +0000"
    },
    "done": false
  },
  "sf4:age_enhancement/nuclearcraftspeedupgrade": {
    "criteria": {
      "Obtain Nuclearcraft Speed Upgrade": "2020-03-22 20:25:09 +0000"
    },
    "done": true
  },
  "sf4:age_farming/bonsai": {
    "criteria": {
      "Obtain Bonsai Pot": "2020-03-21 19:28:47 +0000"
    },
    "done": true
  },
  "pacifist:pacifist_run/root": {
    "criteria": {
      "hasRock": "2020-03-21 18:54:02 +0000"
    },
    "done": false
  },
  "sf4:age_farming/sprinkler": {
    "criteria": {
      "Obtain Sprinkler": "2020-03-22 23:07:52 +0000"
    },
    "done": true
  },
  "sf4:age_storage/complete": {
    "criteria": {
      "Completed Wood You Hand Me That Crate Please?": "2020-03-22 07:41:54 +0000",
      "Completed I WANT IT NOW!": "2020-03-22 07:38:55 +0000",
      "Completed CAT 5": "2020-03-22 07:17:24 +0000",
      "Completed Master Blaster": "2020-03-22 07:35:40 +0000",
      "Completed Age of Storage": "2020-03-21 18:54:01 +0000",
      "Completed I Like Big Box and I Cannot Lie": "2020-03-22 07:49:15 +0000",
      "Completed Hop to It": "2020-03-21 20:55:54 +0000",
      "Completed Breaking Bad": "2020-03-22 22:04:25 +0000"
    },
    "done": false
  },
  "tutorial:tutorial/copied/slimesapling": {
    "criteria": {
      "Obtain Blue Slime Sapling": "2020-03-22 09:01:18 +0000"
    },
    "done": false
  },
  "tutorial:tutorial/craftingstation": {
    "criteria": {
      "Obtain a Crafting Station": "2020-03-23 02:43:20 +0000"
    },
    "done": false
  },
  "sf4:age1/slabs": {
    "criteria": {
      "Obtain Workbench Slab": "2020-03-22 18:16:35 +0000",
      "Completed Root": "2020-03-21 18:54:02 +0000"
    },
    "done": true
  },
  "sf4:age_farming/wheatseeds": {
    "criteria": {
      "Obtain Wheat Seeds": "2020-03-21 23:39:27 +0000"
    },
    "done": true
  },
  "sf4:age_farming/wateringcan": {
    "criteria": {
      "Obtain Watering Can": "2020-03-21 23:27:34 +0000"
    },
    "done": true
  },
  "tutorial:tutorial/copied/gold": {
    "criteria": {
      "Obtain Gold Amber": "2020-03-21 23:20:25 +0000"
    },
    "done": false
  },
  "sf4:age_power/autopackager": {
    "criteria": {
      "Obtain Auto Packager": "2020-03-23 02:54:15 +0000"
    },
    "done": true
  },
  "sf4:age1/lavasource": {
    "criteria": {
      "Completed Root": "2020-03-21 18:54:02 +0000",
      "Completed SkyFactory 4": "2020-03-21 18:54:02 +0000"
    },
    "done": false
  },
  "tutorial:tutorial/copied/petrifiedsapling": {
    "criteria": {
      "Obtain Petrified Sapling": "2020-03-21 19:15:53 +0000"
    },
    "done": false
  },
  "sf4:age_storage/bdsandmwoodencrate": {
    "criteria": {
      "Obtain Wood Crate": "2020-03-22 07:41:54 +0000"
    },
    "done": true
  },
  "sf4:age_exploration/nether": {
    "criteria": {
      "Entered Nether": "2020-03-22 08:08:14 +0000"
    },
    "done": true
  },
  "tutorial:tutorial/copied/resourcehogs": {
    "criteria": {
      "Obtain Cobblestone Mud": "2020-03-22 18:16:09 +0000"
    },
    "done": false
  },
  "hardcore:hardcore/forgivingvoid": {
    "criteria": {
      "Completed Age of Exploration": "2020-03-21 18:54:01 +0000"
    },
    "done": false
  },
  "sf4:age_storage/simplestoragerequest": {
    "criteria": {
      "Obtain Request Block": "2020-03-22 07:38:55 +0000"
    },
    "done": true
  },
  "sf4:age_exploration/huntingdimension": {
    "criteria": {
      "Entered Hunting Dimension": "2020-03-22 18:57:35 +0000"
    },
    "done": true
  },
  "sf4:age_allthethingsomglol/nuclearcraftenergyupgrade": {
    "criteria": {
      "Obtain Nuclearcraft Energy Upgrade": "2020-03-23 02:37:06 +0000"
    },
    "done": true
  },
  "sf4:age_enhancement/completenoprestige": {
    "criteria": {
      "Completed Rolling into the Station": "2020-03-23 02:43:20 +0000",
      "Prestige Mode Disabled": "2020-03-21 18:54:02 +0000",
      "Completed Forging Ahead": "2020-03-23 02:43:22 +0000",
      "Completed Age of Enhancement": "2020-03-21 18:54:01 +0000",
      "Completed To Be ORe Not to Be": "2020-03-21 20:20:06 +0000",
      "Completed An Enchanting Evening": "2020-03-22 18:47:07 +0000",
      "Completed Gotta Go Fast": "2020-03-22 19:16:16 +0000",
      "Completed Paxel Rose": "2020-03-23 02:38:09 +0000",
      "Completed Ore\u0027nt You Glad I Didn\u0027t Say Banana": "2020-03-21 20:38:56 +0000",
      "Completed Overworked and Underpaid": "2020-03-22 20:25:09 +0000",
      "Completed Getting Warmer": "2020-03-21 20:20:06 +0000",
      "Completed Tim the Tool Man Taylor": "2020-03-23 02:44:20 +0000",
      "Completed Keep It Between the Lines": "2020-03-23 02:46:34 +0000",
      "Completed Power Save Mode": "2020-03-22 19:34:42 +0000"
    },
    "done": false
  },
  "tutorial:tutorial/copied/goldsapling": {
    "criteria": {
      "Obtain Gold Sapling": "2020-03-21 23:21:16 +0000"
    },
    "done": false
  },
  "tutorial:tutorial/copied/watercollection": {
    "criteria": {
      "Right Click Cauldron with Water Inside": "2020-03-21 20:14:16 +0000",
      "Right Click Boiling Cauldron with Water Inside": "2020-03-22 06:53:31 +0000"
    },
    "done": false
  },
  "sf4:age1/completenoprestige": {
    "criteria": {
      "Prestige Mode Disabled": "2020-03-21 18:54:02 +0000",
      "Completed Amber is the Color of my Dinosaur": "2020-03-21 20:02:03 +0000",
      "Completed Water You Waiting For?": "2020-03-21 19:55:53 +0000",
      "Completed It\u0027s Electric": "2020-03-22 06:49:18 +0000",
      "Completed Nap Time": "2020-03-22 18:21:53 +0000",
      "Completed Blue Man Group": "2020-03-21 23:05:34 +0000",
      "Completed Stop Slabbing Yourself": "2020-03-22 18:16:35 +0000",
      "Completed Sticky Keys": "2020-03-21 19:05:50 +0000",
      "Completed Captain Hook": "2020-03-21 23:33:40 +0000",
      "Completed That\u0027s Dir-tree": "2020-03-21 18:55:47 +0000",
      "Completed Cobble Cobble": "2020-03-21 23:39:21 +0000",
      "Completed Dirty Dancing": "2020-03-21 18:57:43 +0000",
      "Completed Not a Helmet": "2020-03-21 23:27:17 +0000",
      "Completed Lead it Go": "2020-03-21 23:09:29 +0000",
      "Completed You Cotton Be Kidding Me": "2020-03-21 23:31:02 +0000",
      "Completed OinkTree": "2020-03-22 08:29:44 +0000",
      "Completed Root": "2020-03-21 18:54:02 +0000",
      "Completed Lead Zeppelin": "2020-03-21 23:10:26 +0000",
      "Completed COALateral Damage": "2020-03-22 08:20:29 +0000",
      "Completed D\u0027OH!": "2020-03-22 18:21:02 +0000",
      "Completed This Tree is Forever": "2020-03-22 07:02:21 +0000",
      "Completed Hog Tied": "2020-03-22 18:16:09 +0000",
      "Completed One Shiny Boi": "2020-03-21 23:20:25 +0000",
      "Completed Slop in the Bucket": "2020-03-21 19:51:49 +0000",
      "Completed Air Fryer": "2020-03-21 19:10:47 +0000",
      "Completed Silver Spoon": "2020-03-21 23:58:00 +0000",
      "Completed Money Grows on Trees": "2020-03-21 23:21:16 +0000",
      "Completed Trees to Diamonds": "2020-03-22 07:18:27 +0000",
      "Completed Stone Crook": "2020-03-22 08:38:42 +0000",
      "Completed Tin Man": "2020-03-22 18:10:26 +0000",
      "Completed Silver Surfer": "2020-03-21 23:57:22 +0000",
      "Completed You Cotton Something?": "2020-03-21 23:35:47 +0000",
      "Completed Clay Aiken": "2020-03-21 19:20:32 +0000",
      "Completed SkyFactory 4": "2020-03-21 18:54:02 +0000",
      "Completed Hotbois": "2020-03-21 20:34:19 +0000",
      "Completed Sixteen Tons": "2020-03-21 19:56:53 +0000",
      "Completed I Don\u0027t Know": "2020-03-22 09:01:18 +0000",
      "Completed Oh, the Irony": "2020-03-21 20:55:28 +0000",
      "Completed Break a Leg": "2020-03-21 20:12:26 +0000",
      "Completed Eating Dirt": "2020-03-22 18:17:17 +0000",
      "Completed Study in the Dark Arts": "2020-03-22 07:27:28 +0000",
      "Completed I\u0027ve Been Slimed": "2020-03-22 18:15:27 +0000",
      "Completed I Love Lucy": "2020-03-21 19:03:44 +0000",
      "Completed Hardwood": "2020-03-21 19:15:53 +0000",
      "Completed Don\u0027t Sieve on Me": "2020-03-21 19:37:32 +0000",
      "Completed On the Rocks": "2020-03-21 19:17:08 +0000",
      "Completed It\u0027s Tin This Pack": "2020-03-21 23:54:39 +0000",
      "Completed Palm Trees": "2020-03-21 19:43:14 +0000",
      "Completed Starting from the Bottom": "2020-03-21 18:54:39 +0000",
      "Completed Bubble, Bubble": "2020-03-21 19:53:10 +0000",
      "Completed Ironwood": "2020-03-21 20:40:34 +0000"
    },
    "done": true
  },
  "prestige:prestige/energy_cube": {
    "criteria": {
      "Acquire Advanced Energy Cube": "2020-03-22 20:42:18 +0000"
    },
    "done": true
  },
  "sf4:age_power/root": {
    "criteria": {
      "inventoryChange": "2020-03-21 18:54:01 +0000"
    },
    "done": true
  },
  "sf4:age_farming/root": {
    "criteria": {
      "inventoryChange": "2020-03-21 18:54:01 +0000"
    },
    "done": true
  },
  "sf4:age_exploration/completenoprestige": {
    "criteria": {
      "Completed B\u0027Aiken a C\u0027Aiken": "2020-03-22 23:59:38 +0000",
      "Completed Come Fly With Me": "2020-03-22 22:39:57 +0000",
      "Prestige Mode Disabled": "2020-03-21 18:54:02 +0000",
      "Completed Enter the Twilight": "2020-03-22 19:00:15 +0000",
      "Completed Let the Hunt Begin": "2020-03-22 18:57:35 +0000",
      "Completed No Cake Like Home": "2020-03-22 08:08:14 +0000",
      "Completed Lost and Found": "2020-03-22 18:38:12 +0000",
      "Completed Where\u0027s the Boss?": "2020-03-23 02:23:41 +0000",
      "Completed You\u0027re Tritanium to Bring Me Down": "2020-03-28 16:47:45 +0000",
      "Completed Nether Here Nor There": "2020-03-22 08:08:14 +0000",
      "Completed Age of Exploration": "2020-03-21 18:54:01 +0000"
    },
    "done": false
  },
  "tutorial:tutorial/copied/slabs": {
    "criteria": {
      "Obtain Workbench Slab": "2020-03-22 18:16:35 +0000",
      "Obtain Chest Slab": "2020-03-22 21:54:43 +0000"
    },
    "done": false
  },
  "tutorial:tutorial/copied/claysapling": {
    "criteria": {
      "Obtain a Clay Sapling": "2020-03-21 19:20:32 +0000"
    },
    "done": false
  },
  "tutorial:tutorial/copied/obsidian": {
    "criteria": {
      "Obtain Obsidian": "2020-03-22 07:27:28 +0000"
    },
    "done": false
  },
  "sf4:age1/sleep": {
    "criteria": {
      "Completed Root": "2020-03-21 18:54:02 +0000",
      "Right Click on Bed": "2020-03-22 18:21:53 +0000"
    },
    "done": true
  },
  "sf4:age1/sapling/lead": {
    "criteria": {
      "Completed Root": "2020-03-21 18:54:02 +0000",
      "Obtain Lead Sapling": "2020-03-21 23:10:26 +0000"
    },
    "done": true
  },
  "sf4:age_exploration/lostcitiesworld": {
    "criteria": {
      "Entered Lost Cities Dimension": "2020-03-22 18:38:11 +0000"
    },
    "done": true
  },
  "sf4:age1/sapling/diamond": {
    "criteria": {
      "Completed Root": "2020-03-21 18:54:02 +0000",
      "Obtain Diamond Sapling": "2020-03-22 07:02:21 +0000"
    },
    "done": true
  },
  "sf4:age1/watersource": {
    "criteria": {
      "Completed Root": "2020-03-21 18:54:02 +0000",
      "Completed SkyFactory 4": "2020-03-21 18:54:02 +0000"
    },
    "done": false
  },
  "sf4:age_farming/animalseeds": {
    "criteria": {
      "Skeleton Seed": "2020-03-22 07:12:18 +0000",
      "Chicken Seed": "2020-03-21 23:39:36 +0000"
    },
    "done": false
  },
  "compactmachines:test/7x7x72": {
    "criteria": {
      "Obtain Eye of Ender": "2020-03-22 23:59:32 +0000"
    },
    "done": false
  },
  "sf4:age1/cauldron": {
    "criteria": {
      "Completed Root": "2020-03-21 18:54:02 +0000",
      "Obtain a Cauldron": "2020-03-21 19:53:10 +0000"
    },
    "done": true
  },
  "sf4:age1/cobblestone_generator": {
    "criteria": {
      "Completed Root": "2020-03-21 18:54:02 +0000",
      "Open Chest Filled with Cobblestone": "2020-03-21 23:39:21 +0000"
    },
    "done": true
  },
  "tutorial:tutorial/copied/cobblestone": {
    "criteria": {
      "Obtain Cobblestone Block": "2020-03-21 19:17:08 +0000"
    },
    "done": false
  },
  "sf4:age_enhancement/partbuilder": {
    "criteria": {
      "Obtain Tinkers\u0027 Part Builder": "2020-03-23 02:44:20 +0000"
    },
    "done": true
  },
  "sf4:age1/sapling/gravel": {
    "criteria": {
      "Completed Root": "2020-03-21 18:54:02 +0000",
      "Obtain Gravel Sapling": "2020-03-21 19:37:32 +0000"
    },
    "done": true
  },
  "sf4:age1/prestige_notify": {
    "criteria": {
      "Completed Root": "2020-03-21 18:54:02 +0000"
    },
    "done": false
  },
  "sf4:age1/crushing_tub": {
    "criteria": {
      "Obtain Crushing Tub": "2020-03-21 19:03:44 +0000",
      "Completed Root": "2020-03-21 18:54:02 +0000"
    },
    "done": true
  },
  "tutorial:tutorial/petrifiedacorn": {
    "criteria": {
      "Obtain Oak Wood Planks": "2020-03-21 19:14:19 +0000"
    },
    "done": false
  },
  "sf4:age1/lava": {
    "criteria": {
      "Completed Root": "2020-03-21 18:54:02 +0000",
      "Obtain Lava Clay Bucket": "2020-03-21 20:34:19 +0000"
    },
    "done": true
  },
  "pacifist:pacifist_run/lose": {
    "criteria": {
      "killed poor innocent creature": "2020-03-21 22:53:07 +0000"
    },
    "done": false
  },
  "sf4:age1/root": {
    "criteria": {
      "non_tutorial_start": "2020-03-21 18:54:02 +0000"
    },
    "done": true
  },
  "tutorial:tutorial/woodencrook": {
    "criteria": {
      "Obtain a Wooden Crook": "2020-03-21 23:33:40 +0000"
    },
    "done": false
  },
  "sf4:age1/sapling/donut": {
    "criteria": {
      "Completed Root": "2020-03-21 18:54:02 +0000",
      "Obtain Donut Sapling": "2020-03-22 18:21:02 +0000"
    },
    "done": true
  },
  "tutorial:tutorial/copied/ironsapling": {
    "criteria": {
      "Obtain Iron Sapling": "2020-03-21 20:40:34 +0000"
    },
    "done": false
  },
  "sf4:age1/sapling/silver": {
    "criteria": {
      "Completed Root": "2020-03-21 18:54:02 +0000",
      "Obtain Silver Sapling": "2020-03-21 23:58:00 +0000"
    },
    "done": true
  },
  "sf4:age_power/completenoprestige": {
    "criteria": {
      "Prestige Mode Disabled": "2020-03-21 18:54:02 +0000",
      "Completed Chargin\u0027 Mah Lazer!": "2020-03-22 11:07:26 +0000",
      "Completed Age of Power": "2020-03-21 18:54:01 +0000",
      "Completed Need iiii Speed": "2020-03-22 21:00:34 +0000",
      "Completed Charger 2: Electric Boogaloo": "2020-03-22 21:14:08 +0000",
      "Completed Package Control": "2020-03-23 02:54:15 +0000",
      "Completed No Chargebacks": "2020-03-22 21:14:13 +0000",
      "Completed Level Up!": "2020-03-22 20:55:29 +0000",
      "Completed Generator, I Hardly Know Her": "2020-03-22 10:34:04 +0000"
    },
    "done": false
  },
  "sf4:age1/sapling/clay": {
    "criteria": {
      "Completed Root": "2020-03-21 18:54:02 +0000",
      "Obtain a Clay Sapling": "2020-03-21 19:20:32 +0000"
    },
    "done": true
  },
  "sf4:age1/cobblestone": {
    "criteria": {
      "Completed Root": "2020-03-21 18:54:02 +0000",
      "Obtain Cobblestone Block": "2020-03-21 19:17:08 +0000"
    },
    "done": true
  },
  "sf4:age1/sapling/gold": {
    "criteria": {
      "Completed Root": "2020-03-21 18:54:02 +0000",
      "Obtain Gold Sapling": "2020-03-21 23:21:16 +0000"
    },
    "done": true
  },
  "sf4:age_farming/hoppingbonsai": {
    "criteria": {
      "Obtain Bonsai Pot": "2020-03-21 20:56:15 +0000"
    },
    "done": true
  },
  "sf4:age_farming/sugarcaneseed": {
    "criteria": {
      "Obtain Sugar Cane Seeds": "2020-03-21 19:50:35 +0000"
    },
    "done": true
  },
  "tutorial:tutorial/dryingrack": {
    "criteria": {
      "Obtain Oak Wood Planks": "2020-03-21 19:10:47 +0000"
    },
    "done": false
  },
  "sf4:age1/amber/tin": {
    "criteria": {
      "Completed Root": "2020-03-21 18:54:02 +0000",
      "Obtain Tin Amber": "2020-03-22 18:10:26 +0000"
    },
    "done": true
  },
  "compactmachines:test/9x9x9": {
    "criteria": {
      "Obtain End Stone": "2020-03-23 02:29:10 +0000"
    },
    "done": false
  },
  "sf4:age1/acorn/dirt": {
    "criteria": {
      "Obtain Dirt Acorn": "2020-03-21 18:54:39 +0000",
      "Completed Root": "2020-03-21 18:54:02 +0000"
    },
    "done": true
  },
  "sf4:age_storage/compactstoragechest": {
    "criteria": {
      "Obtain Compact Storage Chest": "2020-03-22 07:49:15 +0000"
    },
    "done": true
  },
  "sf4:age_allthethingsomglol/complete": {
    "criteria": {
      "Completed I\u0027m Not Lazy, I\u0027m Energy Efficient": "2020-03-23 02:37:06 +0000",
      "Completed Age of ALLTHETHINGSOMGLOL": "2020-03-21 18:54:01 +0000"
    },
    "done": false
  },
  "tutorial:tutorial/oakwood": {
    "criteria": {
      "Obtain Oak Wood": "2020-03-21 18:54:35 +0000"
    },
    "done": false
  },
  "sf4:age_enhancement/root": {
    "criteria": {
      "inventoryChange": "2020-03-21 18:54:01 +0000"
    },
    "done": true
  },
  "sf4:age_exploration/overworldcake": {
    "criteria": {
      "Obtain Overworld Cake": "2020-03-22 08:08:14 +0000"
    },
    "done": true
  },
  "sf4:age_exploration/complete": {
    "criteria": {
      "Completed B\u0027Aiken a C\u0027Aiken": "2020-03-22 23:59:38 +0000",
      "Completed Come Fly With Me": "2020-03-22 22:39:57 +0000",
      "Completed Let the Hunt Begin": "2020-03-22 18:57:35 +0000",
      "Completed No Cake Like Home": "2020-03-22 08:08:14 +0000",
      "Completed Lost and Found": "2020-03-22 18:38:12 +0000",
      "Completed Where\u0027s the Boss?": "2020-03-23 02:23:41 +0000",
      "Completed You\u0027re Tritanium to Bring Me Down": "2020-03-28 16:47:45 +0000",
      "Completed Nether Here Nor There": "2020-03-22 08:08:14 +0000",
      "Completed Age of Exploration": "2020-03-21 18:54:01 +0000"
    },
    "done": false
  },
  "sf4:age1/sapling/dirt": {
    "criteria": {
      "Obtain Dirt Sapling": "2020-03-21 18:55:47 +0000",
      "Completed Root": "2020-03-21 18:54:02 +0000"
    },
    "done": true
  },
  "sf4:age1/resourcehogs": {
    "criteria": {
      "Completed Root": "2020-03-21 18:54:02 +0000",
      "Obtain Cobblestone Mud": "2020-03-22 18:16:09 +0000"
    },
    "done": true
  },
  "sf4:age1/iron_ingot": {
    "criteria": {
      "Completed Root": "2020-03-21 18:54:02 +0000",
      "Obtain Iron Ingot": "2020-03-21 20:55:28 +0000"
    },
    "done": true
  },
  "sf4:age1/green_slimy_dirt": {
    "criteria": {
      "Completed Root": "2020-03-21 18:54:02 +0000",
      "Obtain Green Slime Dirt": "2020-03-22 18:15:27 +0000"
    },
    "done": true
  },
  "sf4:age_enhancement/tank": {
    "criteria": {
      "Obtain Porcelain Tank": "2020-03-21 20:38:56 +0000"
    },
    "done": true
  },
  "sf4:age_storage/hopper": {
    "criteria": {
      "Obtain Hopper": "2020-03-21 20:55:54 +0000"
    },
    "done": true
  },
  "sf4:age1/iron_bucket": {
    "criteria": {
      "Completed Root": "2020-03-21 18:54:02 +0000",
      "Obtain Iron Bucket": "2020-03-21 23:27:17 +0000"
    },
    "done": true
  },
  "tutorial:tutorial/copied/gravelsapling": {
    "criteria": {
      "Obtain Gravel Sapling": "2020-03-21 19:37:32 +0000"
    },
    "done": false
  },
  "sf4:age1/amber/silver": {
    "criteria": {
      "Completed Root": "2020-03-21 18:54:02 +0000",
      "Obtain Silver Amber": "2020-03-21 23:57:22 +0000"
    },
    "done": true
  },
  "sf4:age_enhancement/toolstation": {
    "criteria": {
      "Obtain Tool Station": "2020-03-23 02:43:20 +0000"
    },
    "done": true
  },
  "sf4:age1/amber/lead": {
    "criteria": {
      "Completed Root": "2020-03-21 18:54:02 +0000",
      "Obtain Lead Amber": "2020-03-21 23:09:29 +0000"
    },
    "done": true
  },
  "sf4:age_farming/brownmulch": {
    "criteria": {
      "Obtain Brown Mulch": "2020-03-21 21:09:07 +0000"
    },
    "done": true
  },
  "tutorial:tutorial/placedirtsapling": {
    "criteria": {
      "Placed Dirt Sapling": "2020-03-21 18:55:49 +0000"
    },
    "done": false
  },
  "tutorial:tutorial/copied/sleep": {
    "criteria": {
      "Slept in a bed": "2020-03-22 18:21:53 +0000"
    },
    "done": false
  },
  "sf4:age1/amber/gold": {
    "criteria": {
      "Completed Root": "2020-03-21 18:54:02 +0000",
      "Obtain Gold Amber": "2020-03-21 23:20:25 +0000"
    },
    "done": true
  },
  "twilightforest:progress_trophy_pedestal": {
    "criteria": {
      "kill_hydra": "2020-03-22 23:56:52 +0000"
    },
    "done": false
  },
  "tutorial:tutorial/dirtsapling": {
    "criteria": {
      "Obtain a Dirt Sapling": "2020-03-21 18:55:47 +0000"
    },
    "done": false
  },
  "tutorial:tutorial/copied/cauldron": {
    "criteria": {
      "Obtain a Cauldron": "2020-03-21 19:53:10 +0000"
    },
    "done": false
  },
  "sf4:age_farming/skyorchards": {
    "criteria": {
      "Obtain Dirt Sapling": "2020-03-21 18:55:47 +0000",
      "Obtain Osmium Sapling": "2020-03-22 09:58:41 +0000",
      "Obtain Lead Sapling": "2020-03-21 23:10:26 +0000",
      "Obtain Silver Sapling": "2020-03-21 23:58:00 +0000",
      "Obtain Coal Sapling": "2020-03-21 19:56:53 +0000",
      "Obtain Netherrack Sapling": "2020-03-22 06:57:20 +0000",
      "Obtain Diamond Sapling": "2020-03-22 07:02:21 +0000",
      "Obtain Copper Sapling": "2020-03-22 08:44:43 +0000",
      "Obtain Cottonwood Sapling": "2020-03-21 23:31:02 +0000",
      "Obtain Lapis Sapling": "2020-03-21 23:05:34 +0000",
      "Obtain Bacon Sapling": "2020-03-22 08:29:44 +0000",
      "Obtain Glowstone Sapling": "2020-03-22 10:24:49 +0000",
      "Obtain Donut Sapling": "2020-03-22 18:21:02 +0000",
      "Obtain Emerald Sapling": "2020-03-22 09:11:55 +0000",
      "Obtain Petrified Sapling": "2020-03-21 19:15:53 +0000",
      "Obtain Tin Sapling": "2020-03-21 23:54:39 +0000",
      "Obtain Nickel Sapling": "2020-03-22 08:37:54 +0000",
      "Obtain Iron Sapling": "2020-03-21 20:40:34 +0000",
      "Obtain Sand Sapling": "2020-03-21 19:43:14 +0000",
      "Obtain Gold Sapling": "2020-03-21 23:21:16 +0000",
      "Obtain Redstone Sapling": "2020-03-22 06:49:18 +0000",
      "Obtain Clay Sapling": "2020-03-21 19:20:32 +0000",
      "Obtain Gravel Sapling": "2020-03-21 19:37:32 +0000",
      "Obtain Bone Sapling": "2020-03-21 20:12:26 +0000",
      "Obtain Quartz Sapling": "2020-03-22 09:53:45 +0000"
    },
    "done": false
  },
  "sf4:age_exploration/skygriddragonkill": {
    "criteria": {
      "Completed Age of Exploration": "2020-03-21 18:54:01 +0000"
    },
    "done": false
  },
  "twilightforest:progress_labyrinth": {
    "criteria": {
      "kill_lich": "2020-03-22 23:56:52 +0000"
    },
    "done": false
  },
  "tutorial:tutorial/copied/crushingtub": {
    "criteria": {
      "Obtain Crushing Tub": "2020-03-21 19:03:44 +0000"
    },
    "done": false
  },
  "tutorial:tutorial/copied/water": {
    "criteria": {
      "Obtain Water in an Iron Bucket": "2020-03-21 23:27:30 +0000",
      "Obtain Water in a Clay Bucket": "2020-03-21 19:55:53 +0000"
    },
    "done": false
  },
  "sf4:age1/sapling/lapis": {
    "criteria": {
      "Completed Root": "2020-03-21 18:54:02 +0000",
      "Obtain Lapis Sapling": "2020-03-21 23:05:34 +0000"
    },
    "done": true
  },
  "sf4:age1/coal": {
    "criteria": {
      "Completed Root": "2020-03-21 18:54:02 +0000",
      "Obtain Coal Sapling": "2020-03-22 08:20:29 +0000"
    },
    "done": true
  },
  "tutorial:tutorial/copied/iron": {
    "criteria": {
      "Obtain Iron Amber": "2020-03-21 20:02:03 +0000"
    },
    "done": false
  },
  "sf4:age_exploration/root": {
    "criteria": {
      "inventoryChange": "2020-03-21 18:54:01 +0000"
    },
    "done": true
  },
  "sf4:age_enhancement/speedupgrade": {
    "criteria": {
      "Obtain Mekanism Speed Upgrade": "2020-03-22 19:16:16 +0000"
    },
    "done": true
  },
  "tutorial:tutorial/copied/coalsapling": {
    "criteria": {
      "Obtain Coal Sapling": "2020-03-21 19:56:53 +0000"
    },
    "done": false
  },
  "sf4:age_storage/root": {
    "criteria": {
      "inventoryChange": "2020-03-21 18:54:01 +0000"
    },
    "done": true
  },
  "sf4:age1/diamond": {
    "criteria": {
      "Obtain Diamond": "2020-03-22 07:18:27 +0000",
      "Completed Root": "2020-03-21 18:54:02 +0000"
    },
    "done": true
  },
  "sf4:age1/obsidian": {
    "criteria": {
      "Completed Root": "2020-03-21 18:54:02 +0000",
      "Obtain Obsidian": "2020-03-22 07:27:28 +0000"
    },
    "done": true
  },
  "tutorial:tutorial/copied/lava": {
    "criteria": {
      "Obtain Lava Clay Bucket": "2020-03-21 20:34:19 +0000",
      "Obtain Lava Iron Bucket": "2020-03-22 06:53:58 +0000"
    },
    "done": false
  },
  "sf4:age1/sapling/sand": {
    "criteria": {
      "Completed Root": "2020-03-21 18:54:02 +0000",
      "Obtain Sand Sapling": "2020-03-21 19:43:14 +0000"
    },
    "done": true
  },
  "sf4:age_storage/simplestoragecable": {
    "criteria": {
      "Obtain Network Cable": "2020-03-22 07:17:24 +0000"
    },
    "done": true
  },
  "sf4:age1/dirt": {
    "criteria": {
      "Completed Root": "2020-03-21 18:54:02 +0000",
      "Craft Dirt Block": "2020-03-21 18:57:43 +0000"
    },
    "done": true
  },
  "sf4:age1/sapling/coal": {
    "criteria": {
      "Completed Root": "2020-03-21 18:54:02 +0000",
      "Obtain Coal Sapling": "2020-03-21 19:56:53 +0000"
    },
    "done": true
  },
  "sf4:age_enhancement/enchantmenttable": {
    "criteria": {
      "Obtain Enchantment Table": "2020-03-22 18:47:07 +0000"
    },
    "done": true
  },
  "sf4:age_enhancement/complete": {
    "criteria": {
      "Completed Rolling into the Station": "2020-03-23 02:43:20 +0000",
      "Completed Forging Ahead": "2020-03-23 02:43:22 +0000",
      "Completed Age of Enhancement": "2020-03-21 18:54:01 +0000",
      "Completed To Be ORe Not to Be": "2020-03-21 20:20:06 +0000",
      "Completed An Enchanting Evening": "2020-03-22 18:47:07 +0000",
      "Completed Gotta Go Fast": "2020-03-22 19:16:16 +0000",
      "Completed Paxel Rose": "2020-03-23 02:38:09 +0000",
      "Completed Ore\u0027nt You Glad I Didn\u0027t Say Banana": "2020-03-21 20:38:56 +0000",
      "Completed Overworked and Underpaid": "2020-03-22 20:25:09 +0000",
      "Completed Getting Warmer": "2020-03-21 20:20:06 +0000",
      "Completed Tim the Tool Man Taylor": "2020-03-23 02:44:20 +0000",
      "Completed Keep It Between the Lines": "2020-03-23 02:46:34 +0000",
      "Completed Power Save Mode": "2020-03-22 19:34:42 +0000"
    },
    "done": false
  },
  "compactmachines:test/5x5x5": {
    "criteria": {
      "Obtain Porcelain Melter": "2020-03-21 20:20:06 +0000"
    },
    "done": false
  },
  "tutorial:tutorial/copied/claybucket": {
    "criteria": {
      "Obtain Unfired Clay Bucket": "2020-03-21 19:51:49 +0000",
      "Obtain Clay Bucket": "2020-03-21 19:52:06 +0000"
    },
    "done": false
  },
  "sf4:age_exploration/twilightforest": {
    "criteria": {
      "Entered Twilight Forest Dimension": "2020-03-22 19:00:15 +0000"
    },
    "done": true
  },
  "sf4:age_power/simplegenerator": {
    "criteria": {
      "Obtain Simple Geothermal Generator": "2020-03-22 10:34:04 +0000"
    },
    "done": true
  },
  "sf4:age1/stone_crook": {
    "criteria": {
      "Completed Root": "2020-03-21 18:54:02 +0000",
      "Obtain Stone Crook": "2020-03-22 08:38:42 +0000"
    },
    "done": true
  },
  "sf4:age1/sapling/iron": {
    "criteria": {
      "Completed Root": "2020-03-21 18:54:02 +0000",
      "Obtain Iron Sapling": "2020-03-21 20:40:34 +0000"
    },
    "done": true
  },
  "sf4:age_enhancement/paxel": {
    "criteria": {
      "Obtain Pickle Tweaks Diamond Paxel": "2020-03-23 02:38:09 +0000"
    },
    "done": true
  },
  "sf4:age1/sapling/bone": {
    "criteria": {
      "Completed Root": "2020-03-21 18:54:02 +0000",
      "Obtain Bone Sapling": "2020-03-21 20:12:26 +0000"
    },
    "done": true
  },
  "sf4:age_power/charger3": {
    "criteria": {
      "Obtain Tier 3 Charger": "2020-03-22 21:14:13 +0000"
    },
    "done": true
  },
  "pacifist:pacifist_run/peaceful": {
    "criteria": {
      "brokeLeaves": "2020-03-21 18:54:22 +0000",
      "brokeLog": "2020-03-21 18:54:25 +0000"
    },
    "done": false
  },
  "sf4:age_power/charger1": {
    "criteria": {
      "Obtain Tier 1 Charger": "2020-03-22 11:07:26 +0000"
    },
    "done": true
  },
  "sf4:age_power/charger2": {
    "criteria": {
      "Obtain Tier 2 Charger": "2020-03-22 21:14:08 +0000"
    },
    "done": true
  },
  "sf4:age1/water": {
    "criteria": {
      "Completed Root": "2020-03-21 18:54:02 +0000",
      "Obtain Water in a Clay Bucket": "2020-03-21 19:55:53 +0000"
    },
    "done": true
  },
  "sf4:age1/acorn/dirt_cooked": {
    "criteria": {
      "Completed Root": "2020-03-21 18:54:02 +0000",
      "Obtain Cooked Dirt Acorn": "2020-03-22 18:17:17 +0000"
    },
    "done": true
  },
  "sf4:age1/twerk": {
    "criteria": {
      "Completed Root": "2020-03-21 18:54:02 +0000",
      "Obtain 8 Dirt Saplings": "2020-03-21 19:05:50 +0000",
      "Obtain 8 Oak Logs": "2020-03-21 19:00:27 +0000"
    },
    "done": true
  },
  "tutorial:tutorial/copied/diamondsapling": {
    "criteria": {
      "Obtain Diamond Sapling": "2020-03-22 07:02:21 +0000"
    },
    "done": false
  },
  "sf4:age_storage/simplestoragemaster": {
    "criteria": {
      "Obtain Network Master Block": "2020-03-22 07:35:40 +0000"
    },
    "done": true
  },
  "sf4:age_exploration/viescraft": {
    "criteria": {
      "Obtain Airship": "2020-03-22 22:39:57 +0000"
    },
    "done": true
  },
  "twilightforest:progress_yeti": {
    "criteria": {
      "previous_progression": "2020-03-22 23:56:52 +0000"
    },
    "done": false
  },
  "tutorial:tutorial/copied/diamond": {
    "criteria": {
      "Obtain Diamond": "2020-03-22 07:18:27 +0000"
    },
    "done": false
  },
  "sf4:age_storage/fluixcrystal": {
    "criteria": {
      "Obtain Fluix Crystal": "2020-03-22 22:04:25 +0000"
    },
    "done": true
  },
  "tutorial:tutorial/copied/string": {
    "criteria": {
      "Obtain Cottonwood Sapling": "2020-03-21 23:31:02 +0000",
      "Obtain String": "2020-03-21 23:35:47 +0000"
    },
    "done": false
  },
  "sf4:age_power/complete": {
    "criteria": {
      "Completed Chargin\u0027 Mah Lazer!": "2020-03-22 11:07:26 +0000",
      "Completed Age of Power": "2020-03-21 18:54:01 +0000",
      "Completed Need iiii Speed": "2020-03-22 21:00:34 +0000",
      "Completed Charger 2: Electric Boogaloo": "2020-03-22 21:14:08 +0000",
      "Completed Package Control": "2020-03-23 02:54:15 +0000",
      "Completed No Chargebacks": "2020-03-22 21:14:13 +0000",
      "Completed Level Up!": "2020-03-22 20:55:29 +0000",
      "Completed Generator, I Hardly Know Her": "2020-03-22 10:34:04 +0000"
    },
    "done": false
  },
  "sf4:age_enhancement/heater": {
    "criteria": {
      "Obtain Porcelain Heater": "2020-03-21 20:20:06 +0000"
    },
    "done": true
  },
  "sf4:age_farming/market": {
    "criteria": {
      "Obtain Market": "2020-03-21 23:43:58 +0000"
    },
    "done": true
  },
  "twilightforest:root": {
    "criteria": {
      "in_tf": "2020-03-22 19:00:15 +0000"
    },
    "done": true
  },
  "sf4:age1/clay_bucket": {
    "criteria": {
      "Obtain Unfired Clay Bucket": "2020-03-21 19:51:49 +0000",
      "Completed Root": "2020-03-21 18:54:02 +0000"
    },
    "done": true
  },
  "sf4:age_exploration/dragonkill": {
    "criteria": {
      "Enter Custom End Dimension": "2020-03-22 08:08:14 +0000",
      "Enter End Dimension": "2020-03-23 02:23:41 +0000"
    },
    "done": true
  },
  "compactmachines:test/5x5x52": {
    "criteria": {
      "Craft Simple Geothermal Generator": "2020-03-22 10:34:04 +0000"
    },
    "done": false
  },
  "sf4:age_farming/complete": {
    "criteria": {
      "Completed Citizen Cane": "2020-03-21 19:50:35 +0000",
      "Completed Yes We Can!": "2020-03-21 23:27:34 +0000",
      "Completed Sick Sprinkler": "2020-03-22 23:07:52 +0000",
      "Completed Age of Farming": "2020-03-21 18:54:01 +0000",
      "Completed Shredded Wheat": "2020-03-21 23:39:27 +0000",
      "Completed Bonsai!!!": "2020-03-21 19:28:47 +0000",
      "Completed This Little Piggy": "2020-03-21 23:43:58 +0000"
    },
    "done": false
  },
  "sf4:age1/amber/iron": {
    "criteria": {
      "Completed Root": "2020-03-21 18:54:02 +0000",
      "Obtain Iron Amber": "2020-03-21 20:02:03 +0000"
    },
    "done": true
  },
  "tutorial:tutorial/copied/ironingot": {
    "criteria": {
      "Obtain Iron Ingot": "2020-03-21 20:55:28 +0000"
    },
    "done": false
  },
  "tutorial:tutorial/copied/ironbucket": {
    "criteria": {
      "Obtain Iron Bucket": "2020-03-21 23:27:17 +0000"
    },
    "done": false
  },
  "twilightforest:progress_lich": {
    "criteria": {
      "kill_lich": "2020-03-22 23:56:52 +0000",
      "kill_naga": "2020-03-22 19:05:38 +0000"
    },
    "done": true
  },
  "twilightforest:twilight_hunter": {
    "criteria": {
      "naga": "2020-03-22 19:05:38 +0000"
    },
    "done": true
  },
  "sf4:age1/drying_rack": {
    "criteria": {
      "Completed Root": "2020-03-21 18:54:02 +0000",
      "Obtain Drying Rack": "2020-03-21 19:10:47 +0000"
    },
    "done": true
  },
  "tutorial:tutorial/placeoak": {
    "criteria": {
      "Placed Oak Planks": "2020-03-21 18:55:11 +0000"
    },
    "done": false
  },
  "sf4:age_power/speedmodifier": {
    "criteria": {
      "Obtain Speed Modifier": "2020-03-22 21:00:34 +0000"
    },
    "done": true
  },
  "sf4:age_allthethingsomglol/complete_no_prestige": {
    "criteria": {
      "Prestige Mode Disabled": "2020-03-21 18:54:02 +0000",
      "Completed I\u0027m Not Lazy, I\u0027m Energy Efficient": "2020-03-23 02:37:06 +0000",
      "Completed Age of ALLTHETHINGSOMGLOL": "2020-03-21 18:54:01 +0000"
    },
    "done": false
  },
  "sf4:age1/sapling": {
    "criteria": {
      "Has Sapling": "2020-03-21 18:55:47 +0000",
      "Completed Root": "2020-03-21 18:54:02 +0000",
      "Completed SkyFactory 4": "2020-03-21 18:54:02 +0000"
    },
    "done": false
  },
  "sf4:age_farming/complete_no_prestige": {
    "criteria": {
      "Completed Citizen Cane": "2020-03-21 19:50:35 +0000",
      "Prestige Mode Disabled": "2020-03-21 18:54:02 +0000",
      "Completed Sick Sprinkler": "2020-03-22 23:07:52 +0000",
      "Completed Age of Farming": "2020-03-21 18:54:01 +0000",
      "Completed Shredded Wheat": "2020-03-21 23:39:27 +0000",
      "Completed Don\u0027t Eat the Yellow Mulch": "2020-03-22 21:32:43 +0000",
      "Completed Cowabonsai!": "2020-03-21 20:56:15 +0000",
      "Completed TuMULCHuous": "2020-03-21 21:09:07 +0000",
      "Completed Yes We Can!": "2020-03-21 23:27:34 +0000",
      "Completed Bonsai!!!": "2020-03-21 19:28:47 +0000",
      "Completed This Little Piggy": "2020-03-21 23:43:58 +0000"
    },
    "done": false
  },
  "sf4:age_farming/yellowmulch": {
    "criteria": {
      "Obtain Yellow Mulch": "2020-03-22 21:32:43 +0000"
    },
    "done": true
  },
  "sf4:age_enhancement/toolforge": {
    "criteria": {
      "Obtain Tool Forge": "2020-03-23 02:43:22 +0000"
    },
    "done": true
  },
  "sf4:age_allthethingsomglol/root": {
    "criteria": {
      "inventoryChange": "2020-03-21 18:54:01 +0000"
    },
    "done": true
  }
}