{
  "sf4:age1/sapling/cottonwood": {
    "criteria": {
      "Obtain Cottonwood Sapling": "2020-03-21 23:06:43 +0000",
      "Completed Root": "2020-03-21 19:01:01 +0000"
    },
    "done": true
  },
  "tutorial:tutorial/oakplanks": {
    "criteria": {
      "Obtain Oak Wood Planks": "2020-03-21 19:03:21 +0000"
    },
    "done": false
  },
  "tutorial:tutorial/copied/greenslimydirt": {
    "criteria": {
      "Obtain Green Slime Dirt": "2020-03-22 13:57:09 +0000"
    },
    "done": false
  },
  "sf4:age1/complete": {
    "criteria": {
      "Completed Amber is the Color of my Dinosaur": "2020-03-21 20:44:05 +0000",
      "Completed Water You Waiting For?": "2020-03-21 19:54:44 +0000",
      "Completed It\u0027s Electric": "2020-03-21 23:21:03 +0000",
      "Completed Nap Time": "2020-03-22 14:30:58 +0000",
      "Completed Blue Man Group": "2020-03-21 23:27:56 +0000",
      "Completed Stop Slabbing Yourself": "2020-03-22 14:24:07 +0000",
      "Completed Sticky Keys": "2020-03-21 19:23:11 +0000",
      "Completed Captain Hook": "2020-03-22 06:35:06 +0000",
      "Completed That\u0027s Dir-tree": "2020-03-21 19:01:21 +0000",
      "Completed Cobble Cobble": "2020-03-21 21:36:39 +0000",
      "Completed Dirty Dancing": "2020-03-21 19:05:34 +0000",
      "Completed Not a Helmet": "2020-03-21 21:40:43 +0000",
      "Completed Lead it Go": "2020-03-21 23:30:13 +0000",
      "Completed You Cotton Be Kidding Me": "2020-03-21 23:06:43 +0000",
      "Completed OinkTree": "2020-03-22 14:31:48 +0000",
      "Completed Root": "2020-03-21 19:01:01 +0000",
      "Completed Lead Zeppelin": "2020-03-21 23:34:58 +0000",
      "Completed COALateral Damage": "2020-03-21 23:04:11 +0000",
      "Completed D\u0027OH!": "2020-03-28 23:08:04 +0000",
      "Completed This Tree is Forever": "2020-03-21 23:58:59 +0000",
      "Completed Hog Tied": "2020-03-22 14:10:39 +0000",
      "Completed One Shiny Boi": "2020-03-21 23:37:37 +0000",
      "Completed Slop in the Bucket": "2020-03-21 19:53:31 +0000",
      "Completed Air Fryer": "2020-03-21 19:14:20 +0000",
      "Completed Silver Spoon": "2020-03-21 23:57:41 +0000",
      "Completed Money Grows on Trees": "2020-03-21 23:38:32 +0000",
      "Completed Trees to Diamonds": "2020-03-22 00:01:33 +0000",
      "Completed Stone Crook": "2020-03-21 21:12:18 +0000",
      "Completed Tin Man": "2020-03-21 22:51:51 +0000",
      "Completed Silver Surfer": "2020-03-21 23:55:05 +0000",
      "Completed You Cotton Something?": "2020-03-22 06:22:59 +0000",
      "Completed Clay Aiken": "2020-03-21 19:32:38 +0000",
      "Completed SkyFactory 4": "2020-03-21 19:01:01 +0000",
      "Completed Hotbois": "2020-03-21 19:56:53 +0000",
      "Completed Sixteen Tons": "2020-03-21 20:15:25 +0000",
      "Completed I Don\u0027t Know": "2020-03-22 13:48:48 +0000",
      "Completed Oh, the Irony": "2020-03-21 20:58:16 +0000",
      "Completed Break a Leg": "2020-03-21 20:34:15 +0000",
      "Completed Eating Dirt": "2020-03-21 23:18:38 +0000",
      "Completed Study in the Dark Arts": "2020-03-21 22:56:16 +0000",
      "Completed I\u0027ve Been Slimed": "2020-03-22 13:57:09 +0000",
      "Completed I Love Lucy": "2020-03-21 19:08:44 +0000",
      "Completed Hardwood": "2020-03-21 19:19:37 +0000",
      "Completed Don\u0027t Sieve on Me": "2020-03-21 19:59:31 +0000",
      "Completed On the Rocks": "2020-03-21 19:27:32 +0000",
      "Completed It\u0027s Tin This Pack": "2020-03-21 22:54:47 +0000",
      "Completed Palm Trees": "2020-03-21 20:05:03 +0000",
      "Completed Starting from the Bottom": "2020-03-21 19:01:11 +0000",
      "Completed Ironwood": "2020-03-21 21:21:57 +0000",
      "Completed Bubble, Bubble": "2020-03-21 19:12:36 +0000"
    },
    "done": false
  },
  "sf4:age1/sapling/bacon": {
    "criteria": {
      "Completed Root": "2020-03-21 19:01:01 +0000",
      "Obtain Bacon Sapling": "2020-03-22 14:31:48 +0000"
    },
    "done": true
  },
  "sf4:age1/nonpacifist": {
    "criteria": {
      "superflat2": "2020-03-21 19:01:01 +0000",
      "superflat32": "2020-03-21 19:01:01 +0000",
      "Completed Root": "2020-03-21 19:01:01 +0000"
    },
    "done": true
  },
  "sf4:age1/sapling/slime": {
    "criteria": {
      "Completed Root": "2020-03-21 19:01:01 +0000",
      "Obtain Blue Slime Sapling": "2020-03-22 13:48:48 +0000"
    },
    "done": true
  },
  "sf4:age1/string": {
    "criteria": {
      "Obtain Cottonwood Sapling": "2020-03-21 23:06:43 +0000",
      "Completed Root": "2020-03-21 19:01:01 +0000",
      "Obtain String": "2020-03-22 06:22:59 +0000"
    },
    "done": true
  },
  "sf4:age_power/upgradeablegenerators": {
    "criteria": {
      "Obtain Simple Upgradable Geothermal Generator": "2020-03-28 20:55:50 +0000"
    },
    "done": true
  },
  "sf4:age_storage/complete_no_prestige": {
    "criteria": {
      "Prestige Mode Disabled": "2020-03-21 19:01:01 +0000",
      "Completed Wood You Hand Me That Crate Please?": "2020-03-22 04:37:25 +0000",
      "Completed I WANT IT NOW!": "2020-03-22 08:42:31 +0000",
      "Completed Wares the Remote?": "2020-03-23 19:11:31 +0000",
      "Completed Drumtendo 64": "2020-03-22 13:35:12 +0000",
      "Completed CAT 5": "2020-03-22 06:39:08 +0000",
      "Completed Master Blaster": "2020-03-22 08:37:43 +0000",
      "Completed Age of Storage": "2020-03-21 19:01:01 +0000",
      "Completed I Like Big Box and I Cannot Lie": "2020-03-22 19:04:08 +0000",
      "Completed Hop to It": "2020-03-21 21:24:36 +0000",
      "Completed Java Overflow": "2020-03-22 13:39:23 +0000"
    },
    "done": false
  },
  "sf4:age_storage/bdsandmupgrade1": {
    "criteria": {
      "Obtain x64 Storage Upgrade": "2020-03-22 13:35:12 +0000"
    },
    "done": true
  },
  "sf4:age1/sapling/redstone": {
    "criteria": {
      "Completed Root": "2020-03-21 19:01:01 +0000",
      "Obtain Redstone Sapling": "2020-03-21 23:21:03 +0000"
    },
    "done": true
  },
  "sf4:age1/sapling/petrified": {
    "criteria": {
      "Completed Root": "2020-03-21 19:01:01 +0000",
      "Obtain Petrified Sapling": "2020-03-21 19:19:37 +0000"
    },
    "done": true
  },
  "sf4:age_storage/bdsandmupgrade3": {
    "criteria": {
      "Obtain x1k Storage Upgrade": "2020-03-22 13:39:23 +0000"
    },
    "done": true
  },
  "compactmachines:test/3x3x3": {
    "criteria": {
      "Obtain Grass Block": "2020-03-21 23:17:30 +0000"
    },
    "done": false
  },
  "sf4:age1/sapling/tin": {
    "criteria": {
      "Completed Root": "2020-03-21 19:01:01 +0000",
      "Obtain Tin Sapling": "2020-03-21 22:54:47 +0000"
    },
    "done": true
  },
  "sf4:age_enhancement/melter": {
    "criteria": {
      "Obtain Porcelain Melter": "2020-03-21 21:05:38 +0000"
    },
    "done": true
  },
  "sf4:age_enhancement/weirdinggadget": {
    "criteria": {
      "Obtain Weirding Gadget": "2020-03-22 08:47:55 +0000"
    },
    "done": true
  },
  "sf4:age_exploration/lostcities": {
    "criteria": {
      "Entered Lost Cities Dimension": "2020-03-22 18:41:57 +0000"
    },
    "done": true
  },
  "sf4:age1/wooden_crook": {
    "criteria": {
      "Completed Root": "2020-03-21 19:01:01 +0000",
      "Obtain Wooden Crook": "2020-03-22 06:35:06 +0000"
    },
    "done": true
  },
  "tutorial:tutorial/copied/sandsapling": {
    "criteria": {
      "Obtain Sand Sapling": "2020-03-21 20:05:03 +0000"
    },
    "done": false
  },
  "sf4:age_power/energizedsmelter": {
    "criteria": {
      "Obtain Energized Smelter": "2020-03-23 20:27:12 +0000"
    },
    "done": true
  },
  "sf4:age_enhancement/nuclearcraftspeedupgrade": {
    "criteria": {
      "Obtain Nuclearcraft Speed Upgrade": "2020-03-28 23:09:21 +0000"
    },
    "done": true
  },
  "sf4:age_farming/bonsai": {
    "criteria": {
      "Obtain Bonsai Pot": "2020-03-21 19:43:29 +0000"
    },
    "done": true
  },
  "pacifist:pacifist_run/root": {
    "criteria": {
      "hasRock": "2020-03-21 19:01:01 +0000"
    },
    "done": false
  },
  "sf4:age_farming/sprinkler": {
    "criteria": {
      "Obtain Sprinkler": "2020-03-22 06:59:11 +0000"
    },
    "done": true
  },
  "sf4:age_storage/complete": {
    "criteria": {
      "Completed Wood You Hand Me That Crate Please?": "2020-03-22 04:37:25 +0000",
      "Completed I WANT IT NOW!": "2020-03-22 08:42:31 +0000",
      "Completed Wares the Remote?": "2020-03-23 19:11:31 +0000",
      "Completed Drumtendo 64": "2020-03-22 13:35:12 +0000",
      "Completed CAT 5": "2020-03-22 06:39:08 +0000",
      "Completed Master Blaster": "2020-03-22 08:37:43 +0000",
      "Completed Age of Storage": "2020-03-21 19:01:01 +0000",
      "Completed I Like Big Box and I Cannot Lie": "2020-03-22 19:04:08 +0000",
      "Completed Hop to It": "2020-03-21 21:24:36 +0000",
      "Completed Java Overflow": "2020-03-22 13:39:23 +0000"
    },
    "done": false
  },
  "tutorial:tutorial/craftingstation": {
    "criteria": {
      "Obtain a Crafting Station": "2020-03-21 20:50:42 +0000"
    },
    "done": false
  },
  "tutorial:tutorial/copied/slimesapling": {
    "criteria": {
      "Obtain Blue Slime Sapling": "2020-03-22 13:48:48 +0000"
    },
    "done": false
  },
  "sf4:age1/slabs": {
    "criteria": {
      "Completed Root": "2020-03-21 19:01:01 +0000",
      "Obtain Furnace Slab": "2020-03-22 14:24:07 +0000"
    },
    "done": true
  },
  "sf4:age_farming/wheatseeds": {
    "criteria": {
      "Obtain Wheat Seeds": "2020-03-21 23:18:00 +0000"
    },
    "done": true
  },
  "sf4:age_farming/wateringcan": {
    "criteria": {
      "Obtain Watering Can": "2020-03-21 23:15:05 +0000"
    },
    "done": true
  },
  "tutorial:tutorial/copied/gold": {
    "criteria": {
      "Obtain Gold Amber": "2020-03-21 23:37:37 +0000"
    },
    "done": false
  },
  "sf4:age_power/autopackager": {
    "criteria": {
      "Obtain Auto Packager": "2020-03-25 06:39:56 +0000"
    },
    "done": true
  },
  "sf4:age1/lavasource": {
    "criteria": {
      "Completed Root": "2020-03-21 19:01:01 +0000",
      "Completed SkyFactory 4": "2020-03-21 19:01:01 +0000"
    },
    "done": false
  },
  "tutorial:tutorial/copied/petrifiedsapling": {
    "criteria": {
      "Obtain Petrified Sapling": "2020-03-21 19:19:37 +0000"
    },
    "done": false
  },
  "sf4:age_storage/bdsandmwoodencrate": {
    "criteria": {
      "Obtain Wood Crate": "2020-03-22 04:37:25 +0000"
    },
    "done": true
  },
  "sf4:age_exploration/nether": {
    "criteria": {
      "Entered Nether": "2020-03-22 07:43:56 +0000"
    },
    "done": true
  },
  "tutorial:tutorial/copied/resourcehogs": {
    "criteria": {
      "Obtain Cobblestone Mud": "2020-03-22 14:10:39 +0000"
    },
    "done": false
  },
  "hardcore:hardcore/forgivingvoid": {
    "criteria": {
      "Completed Age of Exploration": "2020-03-21 19:01:01 +0000"
    },
    "done": false
  },
  "sf4:age_storage/simplestoragerequest": {
    "criteria": {
      "Obtain Request Block": "2020-03-22 08:42:31 +0000"
    },
    "done": true
  },
  "sf4:age_exploration/huntingdimension": {
    "criteria": {
      "Entered Hunting Dimension": "2020-03-22 18:57:39 +0000"
    },
    "done": true
  },
  "sf4:age_enhancement/completenoprestige": {
    "criteria": {
      "Completed Weirdly Mesmerizing": "2020-03-22 08:47:55 +0000",
      "Prestige Mode Disabled": "2020-03-21 19:01:01 +0000",
      "Completed Age of Enhancement": "2020-03-21 19:01:01 +0000",
      "Completed To Be ORe Not to Be": "2020-03-21 21:05:38 +0000",
      "Completed An Enchanting Evening": "2020-03-22 18:45:57 +0000",
      "Completed Gotta Go Fast": "2020-03-25 21:14:12 +0000",
      "Completed Ore\u0027nt You Glad I Didn\u0027t Say Banana": "2020-03-21 21:07:10 +0000",
      "Completed Overworked and Underpaid": "2020-03-28 23:09:21 +0000",
      "Completed Getting Warmer": "2020-03-21 22:12:01 +0000",
      "Completed Armor 404": "2020-03-23 18:38:14 +0000"
    },
    "done": false
  },
  "tutorial:tutorial/copied/goldsapling": {
    "criteria": {
      "Obtain Gold Sapling": "2020-03-21 23:38:32 +0000"
    },
    "done": false
  },
  "tutorial:tutorial/copied/watercollection": {
    "criteria": {
      "Right Click Cauldron with Water Inside": "2020-03-21 21:40:55 +0000",
      "Right Click Boiling Cauldron with Water Inside": "2020-03-21 21:07:37 +0000"
    },
    "done": false
  },
  "sf4:age1/completenoprestige": {
    "criteria": {
      "Prestige Mode Disabled": "2020-03-21 19:01:01 +0000",
      "Completed Amber is the Color of my Dinosaur": "2020-03-21 20:44:05 +0000",
      "Completed Water You Waiting For?": "2020-03-21 19:54:44 +0000",
      "Completed It\u0027s Electric": "2020-03-21 23:21:03 +0000",
      "Completed Nap Time": "2020-03-22 14:30:58 +0000",
      "Completed Blue Man Group": "2020-03-21 23:27:56 +0000",
      "Completed Stop Slabbing Yourself": "2020-03-22 14:24:07 +0000",
      "Completed Sticky Keys": "2020-03-21 19:23:11 +0000",
      "Completed Captain Hook": "2020-03-22 06:35:06 +0000",
      "Completed That\u0027s Dir-tree": "2020-03-21 19:01:21 +0000",
      "Completed Cobble Cobble": "2020-03-21 21:36:39 +0000",
      "Completed Dirty Dancing": "2020-03-21 19:05:34 +0000",
      "Completed Not a Helmet": "2020-03-21 21:40:43 +0000",
      "Completed Lead it Go": "2020-03-21 23:30:13 +0000",
      "Completed You Cotton Be Kidding Me": "2020-03-21 23:06:43 +0000",
      "Completed OinkTree": "2020-03-22 14:31:48 +0000",
      "Completed Root": "2020-03-21 19:01:01 +0000",
      "Completed Lead Zeppelin": "2020-03-21 23:34:58 +0000",
      "Completed COALateral Damage": "2020-03-21 23:04:11 +0000",
      "Completed D\u0027OH!": "2020-03-28 23:08:04 +0000",
      "Completed This Tree is Forever": "2020-03-21 23:58:59 +0000",
      "Completed Hog Tied": "2020-03-22 14:10:39 +0000",
      "Completed One Shiny Boi": "2020-03-21 23:37:37 +0000",
      "Completed Slop in the Bucket": "2020-03-21 19:53:31 +0000",
      "Completed Air Fryer": "2020-03-21 19:14:20 +0000",
      "Completed Silver Spoon": "2020-03-21 23:57:41 +0000",
      "Completed Money Grows on Trees": "2020-03-21 23:38:32 +0000",
      "Completed Trees to Diamonds": "2020-03-22 00:01:33 +0000",
      "Completed Stone Crook": "2020-03-21 21:12:18 +0000",
      "Completed Tin Man": "2020-03-21 22:51:51 +0000",
      "Completed Silver Surfer": "2020-03-21 23:55:05 +0000",
      "Completed You Cotton Something?": "2020-03-22 06:22:59 +0000",
      "Completed Clay Aiken": "2020-03-21 19:32:38 +0000",
      "Completed SkyFactory 4": "2020-03-21 19:01:01 +0000",
      "Completed Hotbois": "2020-03-21 19:56:53 +0000",
      "Completed Sixteen Tons": "2020-03-21 20:15:25 +0000",
      "Completed I Don\u0027t Know": "2020-03-22 13:48:48 +0000",
      "Completed Oh, the Irony": "2020-03-21 20:58:16 +0000",
      "Completed Break a Leg": "2020-03-21 20:34:15 +0000",
      "Completed Eating Dirt": "2020-03-21 23:18:38 +0000",
      "Completed Study in the Dark Arts": "2020-03-21 22:56:16 +0000",
      "Completed I\u0027ve Been Slimed": "2020-03-22 13:57:09 +0000",
      "Completed I Love Lucy": "2020-03-21 19:08:44 +0000",
      "Completed Hardwood": "2020-03-21 19:19:37 +0000",
      "Completed Don\u0027t Sieve on Me": "2020-03-21 19:59:31 +0000",
      "Completed On the Rocks": "2020-03-21 19:27:32 +0000",
      "Completed It\u0027s Tin This Pack": "2020-03-21 22:54:47 +0000",
      "Completed Palm Trees": "2020-03-21 20:05:03 +0000",
      "Completed Starting from the Bottom": "2020-03-21 19:01:11 +0000",
      "Completed Ironwood": "2020-03-21 21:21:57 +0000",
      "Completed Bubble, Bubble": "2020-03-21 19:12:36 +0000"
    },
    "done": true
  },
  "prestige:prestige/energy_cube": {
    "criteria": {
      "Acquire Advanced Energy Cube": "2020-03-28 23:18:06 +0000"
    },
    "done": true
  },
  "sf4:age_power/root": {
    "criteria": {
      "inventoryChange": "2020-03-21 19:01:01 +0000"
    },
    "done": true
  },
  "sf4:age_farming/root": {
    "criteria": {
      "inventoryChange": "2020-03-21 19:01:01 +0000"
    },
    "done": true
  },
  "sf4:age_exploration/completenoprestige": {
    "criteria": {
      "Prestige Mode Disabled": "2020-03-21 19:01:01 +0000",
      "Completed Let the Hunt Begin": "2020-03-22 18:57:39 +0000",
      "Completed No Cake Like Home": "2020-03-22 07:43:56 +0000",
      "Completed Lost and Found": "2020-03-22 18:41:57 +0000",
      "Completed Where\u0027s the Boss?": "2020-03-23 17:43:21 +0000",
      "Completed Nether Here Nor There": "2020-03-22 07:43:56 +0000",
      "Completed Age of Exploration": "2020-03-21 19:01:01 +0000"
    },
    "done": false
  },
  "tutorial:tutorial/copied/slabs": {
    "criteria": {
      "Obtain Furnace Slab": "2020-03-22 14:24:07 +0000"
    },
    "done": false
  },
  "tutorial:tutorial/copied/claysapling": {
    "criteria": {
      "Obtain a Clay Sapling": "2020-03-21 19:32:38 +0000"
    },
    "done": false
  },
  "tutorial:tutorial/copied/obsidian": {
    "criteria": {
      "Obtain Obsidian": "2020-03-21 22:56:16 +0000"
    },
    "done": false
  },
  "sf4:age1/sleep": {
    "criteria": {
      "Completed Root": "2020-03-21 19:01:01 +0000",
      "Right Click on Bed": "2020-03-22 14:30:58 +0000"
    },
    "done": true
  },
  "sf4:age1/sapling/lead": {
    "criteria": {
      "Completed Root": "2020-03-21 19:01:01 +0000",
      "Obtain Lead Sapling": "2020-03-21 23:34:58 +0000"
    },
    "done": true
  },
  "sf4:age_exploration/lostcitiesworld": {
    "criteria": {
      "Entered Lost Cities Dimension": "2020-03-22 18:41:56 +0000"
    },
    "done": true
  },
  "sf4:age1/sapling/diamond": {
    "criteria": {
      "Completed Root": "2020-03-21 19:01:01 +0000",
      "Obtain Diamond Sapling": "2020-03-21 23:58:59 +0000"
    },
    "done": true
  },
  "sf4:age1/watersource": {
    "criteria": {
      "Completed Root": "2020-03-21 19:01:01 +0000",
      "Completed SkyFactory 4": "2020-03-21 19:01:01 +0000"
    },
    "done": false
  },
  "sf4:age_farming/animalseeds": {
    "criteria": {
      "Cow Seed": "2020-03-22 07:18:47 +0000",
      "Pig Seed": "2020-03-22 14:08:15 +0000"
    },
    "done": false
  },
  "compactmachines:test/7x7x72": {
    "criteria": {
      "Obtain Eye of Ender": "2020-03-22 08:23:07 +0000"
    },
    "done": false
  },
  "sf4:age1/cauldron": {
    "criteria": {
      "Completed Root": "2020-03-21 19:01:01 +0000",
      "Obtain a Cauldron": "2020-03-21 19:12:36 +0000"
    },
    "done": true
  },
  "sf4:age1/cobblestone_generator": {
    "criteria": {
      "Completed Root": "2020-03-21 19:01:01 +0000",
      "Open Chest Filled with Cobblestone": "2020-03-21 21:36:39 +0000"
    },
    "done": true
  },
  "tutorial:tutorial/copied/cobblestone": {
    "criteria": {
      "Obtain Cobblestone Block": "2020-03-21 19:27:32 +0000"
    },
    "done": false
  },
  "sf4:age1/sapling/gravel": {
    "criteria": {
      "Completed Root": "2020-03-21 19:01:01 +0000",
      "Obtain Gravel Sapling": "2020-03-21 19:59:31 +0000"
    },
    "done": true
  },
  "sf4:age1/prestige_notify": {
    "criteria": {
      "Completed Root": "2020-03-21 19:01:01 +0000"
    },
    "done": false
  },
  "sf4:age1/crushing_tub": {
    "criteria": {
      "Obtain Crushing Tub": "2020-03-21 19:08:44 +0000",
      "Completed Root": "2020-03-21 19:01:01 +0000"
    },
    "done": true
  },
  "tutorial:tutorial/petrifiedacorn": {
    "criteria": {
      "Obtain Oak Wood Planks": "2020-03-21 19:15:48 +0000"
    },
    "done": false
  },
  "sf4:age1/lava": {
    "criteria": {
      "Completed Root": "2020-03-21 19:01:01 +0000",
      "Obtain Lava Clay Bucket": "2020-03-21 19:56:53 +0000"
    },
    "done": true
  },
  "pacifist:pacifist_run/lose": {
    "criteria": {
      "killed poor innocent creature": "2020-03-22 04:27:32 +0000"
    },
    "done": false
  },
  "sf4:age1/root": {
    "criteria": {
      "non_tutorial_start": "2020-03-21 19:01:01 +0000"
    },
    "done": true
  },
  "tutorial:tutorial/woodencrook": {
    "criteria": {
      "Obtain a Wooden Crook": "2020-03-22 06:35:06 +0000"
    },
    "done": false
  },
  "sf4:age1/sapling/donut": {
    "criteria": {
      "Completed Root": "2020-03-21 19:01:01 +0000",
      "Obtain Donut Sapling": "2020-03-28 23:08:04 +0000"
    },
    "done": true
  },
  "sf4:age_farming/fertilesoil": {
    "criteria": {
      "Obtain Fertile Soil": "2020-03-21 20:34:43 +0000"
    },
    "done": true
  },
  "tutorial:tutorial/copied/ironsapling": {
    "criteria": {
      "Obtain Iron Sapling": "2020-03-21 21:21:57 +0000"
    },
    "done": false
  },
  "sf4:age1/sapling/silver": {
    "criteria": {
      "Completed Root": "2020-03-21 19:01:01 +0000",
      "Obtain Silver Sapling": "2020-03-21 23:57:41 +0000"
    },
    "done": true
  },
  "sf4:age_power/completenoprestige": {
    "criteria": {
      "Prestige Mode Disabled": "2020-03-21 19:01:01 +0000",
      "Completed Gotta Smelt Fast": "2020-03-23 20:27:12 +0000",
      "Completed The End of all Matter": "2020-03-23 18:30:55 +0000",
      "Completed Made for Each Other": "2020-03-28 23:47:36 +0000",
      "Completed Age of Power": "2020-03-21 19:01:01 +0000",
      "Completed Need iiii Speed": "2020-03-28 20:55:05 +0000",
      "Completed Package Control": "2020-03-25 06:39:56 +0000",
      "Completed Level Up!": "2020-03-28 20:55:50 +0000",
      "Completed The Study Guide": "2020-03-23 17:42:04 +0000",
      "Completed Generator, I Hardly Know Her": "2020-03-23 19:52:01 +0000"
    },
    "done": false
  },
  "sf4:age1/sapling/clay": {
    "criteria": {
      "Completed Root": "2020-03-21 19:01:01 +0000",
      "Obtain a Clay Sapling": "2020-03-21 19:32:38 +0000"
    },
    "done": true
  },
  "sf4:age1/cobblestone": {
    "criteria": {
      "Completed Root": "2020-03-21 19:01:01 +0000",
      "Obtain Cobblestone Block": "2020-03-21 19:27:32 +0000"
    },
    "done": true
  },
  "sf4:age1/sapling/gold": {
    "criteria": {
      "Completed Root": "2020-03-21 19:01:01 +0000",
      "Obtain Gold Sapling": "2020-03-21 23:38:32 +0000"
    },
    "done": true
  },
  "sf4:age_farming/hoppingbonsai": {
    "criteria": {
      "Obtain Bonsai Pot": "2020-03-21 21:24:39 +0000"
    },
    "done": true
  },
  "sf4:age_farming/sugarcaneseed": {
    "criteria": {
      "Obtain Sugar Cane Seeds": "2020-03-21 22:12:02 +0000"
    },
    "done": true
  },
  "tutorial:tutorial/dryingrack": {
    "criteria": {
      "Obtain Oak Wood Planks": "2020-03-21 19:14:20 +0000"
    },
    "done": false
  },
  "sf4:age_enhancement/glitcharmor": {
    "criteria": {
      "Obtain Glitch Infused Helmet": "2020-03-23 18:38:02 +0000",
      "Obtain Glitch Infused Chestplate": "2020-03-23 18:37:58 +0000",
      "Obtain Glitch Infused Leggings": "2020-03-23 18:38:14 +0000",
      "Obtain Glitch Infused Boots": "2020-03-23 18:38:07 +0000"
    },
    "done": true
  },
  "sf4:age1/amber/tin": {
    "criteria": {
      "Completed Root": "2020-03-21 19:01:01 +0000",
      "Obtain Tin Amber": "2020-03-21 22:51:51 +0000"
    },
    "done": true
  },
  "compactmachines:test/9x9x9": {
    "criteria": {
      "Obtain End Stone": "2020-03-23 17:44:54 +0000"
    },
    "done": false
  },
  "sf4:age1/acorn/dirt": {
    "criteria": {
      "Obtain Dirt Acorn": "2020-03-21 19:01:11 +0000",
      "Completed Root": "2020-03-21 19:01:01 +0000"
    },
    "done": true
  },
  "sf4:age_storage/compactstoragechest": {
    "criteria": {
      "Obtain Compact Storage Chest": "2020-03-22 19:04:08 +0000"
    },
    "done": true
  },
  "sf4:age_power/alloyfurnace": {
    "criteria": {
      "Obtain Alloy Furnace": "2020-03-28 23:47:36 +0000"
    },
    "done": true
  },
  "sf4:age_allthethingsomglol/complete": {
    "criteria": {
      "Completed Age of ALLTHETHINGSOMGLOL": "2020-03-21 19:01:01 +0000"
    },
    "done": false
  },
  "tutorial:tutorial/oakwood": {
    "criteria": {
      "Obtain Oak Wood": "2020-03-21 19:01:50 +0000"
    },
    "done": false
  },
  "sf4:age_enhancement/root": {
    "criteria": {
      "inventoryChange": "2020-03-21 19:01:01 +0000"
    },
    "done": true
  },
  "sf4:age_exploration/overworldcake": {
    "criteria": {
      "Obtain Overworld Cake": "2020-03-22 07:43:56 +0000"
    },
    "done": true
  },
  "sf4:age_storage/simplestorageremote": {
    "criteria": {
      "Obtain Storage Network Remote": "2020-03-23 19:11:31 +0000"
    },
    "done": true
  },
  "sf4:age1/sapling/dirt": {
    "criteria": {
      "Obtain Dirt Sapling": "2020-03-21 19:01:21 +0000",
      "Completed Root": "2020-03-21 19:01:01 +0000"
    },
    "done": true
  },
  "sf4:age_exploration/complete": {
    "criteria": {
      "Completed Let the Hunt Begin": "2020-03-22 18:57:39 +0000",
      "Completed No Cake Like Home": "2020-03-22 07:43:56 +0000",
      "Completed Lost and Found": "2020-03-22 18:41:57 +0000",
      "Completed Where\u0027s the Boss?": "2020-03-23 17:43:21 +0000",
      "Completed Nether Here Nor There": "2020-03-22 07:43:56 +0000",
      "Completed Age of Exploration": "2020-03-21 19:01:01 +0000"
    },
    "done": false
  },
  "sf4:age1/resourcehogs": {
    "criteria": {
      "Completed Root": "2020-03-21 19:01:01 +0000",
      "Obtain Cobblestone Mud": "2020-03-22 14:10:39 +0000"
    },
    "done": true
  },
  "sf4:age1/iron_ingot": {
    "criteria": {
      "Completed Root": "2020-03-21 19:01:01 +0000",
      "Obtain Iron Ingot": "2020-03-21 20:58:16 +0000"
    },
    "done": true
  },
  "sf4:age1/green_slimy_dirt": {
    "criteria": {
      "Completed Root": "2020-03-21 19:01:01 +0000",
      "Obtain Green Slime Dirt": "2020-03-22 13:57:09 +0000"
    },
    "done": true
  },
  "sf4:age_enhancement/tank": {
    "criteria": {
      "Obtain Porcelain Tank": "2020-03-21 21:07:10 +0000"
    },
    "done": true
  },
  "sf4:age_storage/hopper": {
    "criteria": {
      "Obtain Hopper": "2020-03-21 21:24:36 +0000"
    },
    "done": true
  },
  "sf4:age1/iron_bucket": {
    "criteria": {
      "Completed Root": "2020-03-21 19:01:01 +0000",
      "Obtain Iron Bucket": "2020-03-21 21:40:43 +0000"
    },
    "done": true
  },
  "tutorial:tutorial/copied/gravelsapling": {
    "criteria": {
      "Obtain Gravel Sapling": "2020-03-21 19:59:31 +0000"
    },
    "done": false
  },
  "sf4:age1/amber/silver": {
    "criteria": {
      "Completed Root": "2020-03-21 19:01:01 +0000",
      "Obtain Silver Amber": "2020-03-21 23:55:05 +0000"
    },
    "done": true
  },
  "sf4:age1/amber/lead": {
    "criteria": {
      "Completed Root": "2020-03-21 19:01:01 +0000",
      "Obtain Lead Amber": "2020-03-21 23:30:13 +0000"
    },
    "done": true
  },
  "sf4:age_farming/brownmulch": {
    "criteria": {
      "Obtain Brown Mulch": "2020-03-21 21:48:04 +0000"
    },
    "done": true
  },
  "tutorial:tutorial/placedirtsapling": {
    "criteria": {
      "Placed Dirt Sapling": "2020-03-21 19:01:26 +0000"
    },
    "done": false
  },
  "tutorial:tutorial/copied/sleep": {
    "criteria": {
      "Slept in a bed": "2020-03-22 14:30:58 +0000"
    },
    "done": false
  },
  "sf4:age_power/deeplearner": {
    "criteria": {
      "Obtain Deep Learner": "2020-03-23 17:42:04 +0000"
    },
    "done": true
  },
  "sf4:age1/amber/gold": {
    "criteria": {
      "Completed Root": "2020-03-21 19:01:01 +0000",
      "Obtain Gold Amber": "2020-03-21 23:37:37 +0000"
    },
    "done": true
  },
  "tutorial:tutorial/dirtsapling": {
    "criteria": {
      "Obtain a Dirt Sapling": "2020-03-21 19:01:21 +0000"
    },
    "done": false
  },
  "tutorial:tutorial/copied/cauldron": {
    "criteria": {
      "Obtain a Cauldron": "2020-03-21 19:12:36 +0000"
    },
    "done": false
  },
  "sf4:age_farming/skyorchards": {
    "criteria": {
      "Obtain Dirt Sapling": "2020-03-21 19:01:21 +0000",
      "Obtain Osmium Sapling": "2020-03-22 18:14:36 +0000",
      "Obtain Lead Sapling": "2020-03-21 23:34:58 +0000",
      "Obtain Silver Sapling": "2020-03-21 23:57:41 +0000",
      "Obtain Coal Sapling": "2020-03-21 20:15:25 +0000",
      "Obtain Netherrack Sapling": "2020-03-22 07:57:26 +0000",
      "Obtain Diamond Sapling": "2020-03-21 23:58:59 +0000",
      "Obtain Copper Sapling": "2020-03-28 23:35:04 +0000",
      "Obtain Cottonwood Sapling": "2020-03-21 23:06:43 +0000",
      "Obtain Lapis Sapling": "2020-03-21 23:27:56 +0000",
      "Obtain Bacon Sapling": "2020-03-22 14:31:48 +0000",
      "Obtain Glowstone Sapling": "2020-03-22 18:14:50 +0000",
      "Obtain Donut Sapling": "2020-03-28 23:08:04 +0000",
      "Obtain Emerald Sapling": "2020-03-22 18:14:47 +0000",
      "Obtain Petrified Sapling": "2020-03-21 19:19:37 +0000",
      "Obtain Tin Sapling": "2020-03-21 22:54:47 +0000",
      "Obtain Nickel Sapling": "2020-03-22 06:53:11 +0000",
      "Obtain Iron Sapling": "2020-03-21 21:21:57 +0000",
      "Obtain Sand Sapling": "2020-03-21 20:05:03 +0000",
      "Obtain Gold Sapling": "2020-03-21 23:38:32 +0000",
      "Obtain Redstone Sapling": "2020-03-21 23:21:03 +0000",
      "Obtain Clay Sapling": "2020-03-21 19:32:38 +0000",
      "Obtain Gravel Sapling": "2020-03-21 19:59:31 +0000",
      "Obtain Bone Sapling": "2020-03-21 20:34:15 +0000",
      "Obtain Quartz Sapling": "2020-03-22 18:14:40 +0000"
    },
    "done": false
  },
  "sf4:age_exploration/skygriddragonkill": {
    "criteria": {
      "Completed Age of Exploration": "2020-03-21 19:01:01 +0000"
    },
    "done": false
  },
  "tutorial:tutorial/copied/crushingtub": {
    "criteria": {
      "Obtain Crushing Tub": "2020-03-21 19:08:44 +0000"
    },
    "done": false
  },
  "tutorial:tutorial/copied/water": {
    "criteria": {
      "Obtain Water in an Iron Bucket": "2020-03-21 21:44:24 +0000",
      "Obtain Water in a Clay Bucket": "2020-03-21 19:54:44 +0000"
    },
    "done": false
  },
  "sf4:age1/sapling/lapis": {
    "criteria": {
      "Completed Root": "2020-03-21 19:01:01 +0000",
      "Obtain Lapis Sapling": "2020-03-21 23:27:56 +0000"
    },
    "done": true
  },
  "sf4:age1/coal": {
    "criteria": {
      "Completed Root": "2020-03-21 19:01:01 +0000",
      "Obtain Coal Sapling": "2020-03-21 23:04:11 +0000"
    },
    "done": true
  },
  "sf4:age_farming/cowjar": {
    "criteria": {
      "Obtain Cow in a Jar": "2020-03-22 07:33:32 +0000"
    },
    "done": true
  },
  "tutorial:tutorial/copied/iron": {
    "criteria": {
      "Obtain Iron Amber": "2020-03-21 20:44:05 +0000"
    },
    "done": false
  },
  "sf4:age_exploration/root": {
    "criteria": {
      "inventoryChange": "2020-03-21 19:01:01 +0000"
    },
    "done": true
  },
  "sf4:age_enhancement/speedupgrade": {
    "criteria": {
      "Obtain Mekanism Speed Upgrade": "2020-03-25 21:14:12 +0000"
    },
    "done": true
  },
  "tutorial:tutorial/copied/coalsapling": {
    "criteria": {
      "Obtain Coal Sapling": "2020-03-21 20:15:25 +0000"
    },
    "done": false
  },
  "sf4:age_storage/root": {
    "criteria": {
      "inventoryChange": "2020-03-21 19:01:01 +0000"
    },
    "done": true
  },
  "sf4:age1/diamond": {
    "criteria": {
      "Obtain Diamond": "2020-03-22 00:01:33 +0000",
      "Completed Root": "2020-03-21 19:01:01 +0000"
    },
    "done": true
  },
  "sf4:age1/obsidian": {
    "criteria": {
      "Completed Root": "2020-03-21 19:01:01 +0000",
      "Obtain Obsidian": "2020-03-21 22:56:16 +0000"
    },
    "done": true
  },
  "tutorial:tutorial/copied/lava": {
    "criteria": {
      "Obtain Lava Clay Bucket": "2020-03-21 19:56:53 +0000",
      "Obtain Lava Iron Bucket": "2020-03-21 21:55:56 +0000"
    },
    "done": false
  },
  "sf4:age1/sapling/sand": {
    "criteria": {
      "Completed Root": "2020-03-21 19:01:01 +0000",
      "Obtain Sand Sapling": "2020-03-21 20:05:03 +0000"
    },
    "done": true
  },
  "sf4:age_storage/simplestoragecable": {
    "criteria": {
      "Obtain Network Cable": "2020-03-22 06:39:08 +0000"
    },
    "done": true
  },
  "sf4:age1/dirt": {
    "criteria": {
      "Completed Root": "2020-03-21 19:01:01 +0000",
      "Craft Dirt Block": "2020-03-21 19:05:34 +0000"
    },
    "done": true
  },
  "sf4:age1/sapling/coal": {
    "criteria": {
      "Completed Root": "2020-03-21 19:01:01 +0000",
      "Obtain Coal Sapling": "2020-03-21 20:15:25 +0000"
    },
    "done": true
  },
  "sf4:age_enhancement/enchantmenttable": {
    "criteria": {
      "Obtain Enchantment Table": "2020-03-22 18:45:57 +0000"
    },
    "done": true
  },
  "sf4:age_enhancement/complete": {
    "criteria": {
      "Completed Weirdly Mesmerizing": "2020-03-22 08:47:55 +0000",
      "Completed Age of Enhancement": "2020-03-21 19:01:01 +0000",
      "Completed To Be ORe Not to Be": "2020-03-21 21:05:38 +0000",
      "Completed An Enchanting Evening": "2020-03-22 18:45:57 +0000",
      "Completed Gotta Go Fast": "2020-03-25 21:14:12 +0000",
      "Completed Ore\u0027nt You Glad I Didn\u0027t Say Banana": "2020-03-21 21:07:10 +0000",
      "Completed Overworked and Underpaid": "2020-03-28 23:09:21 +0000",
      "Completed Getting Warmer": "2020-03-21 22:12:01 +0000",
      "Completed Armor 404": "2020-03-23 18:38:14 +0000"
    },
    "done": false
  },
  "compactmachines:test/5x5x5": {
    "criteria": {
      "Obtain Porcelain Melter": "2020-03-21 21:05:38 +0000"
    },
    "done": false
  },
  "tutorial:tutorial/copied/claybucket": {
    "criteria": {
      "Obtain Unfired Clay Bucket": "2020-03-21 19:53:31 +0000",
      "Obtain Clay Bucket": "2020-03-21 19:54:20 +0000"
    },
    "done": false
  },
  "sf4:age_power/simplegenerator": {
    "criteria": {
      "Obtain Simple Geothermal Generator": "2020-03-23 19:52:01 +0000"
    },
    "done": true
  },
  "sf4:age1/stone_crook": {
    "criteria": {
      "Completed Root": "2020-03-21 19:01:01 +0000",
      "Obtain Stone Crook": "2020-03-21 21:12:18 +0000"
    },
    "done": true
  },
  "sf4:age1/sapling/iron": {
    "criteria": {
      "Completed Root": "2020-03-21 19:01:01 +0000",
      "Obtain Iron Sapling": "2020-03-21 21:21:57 +0000"
    },
    "done": true
  },
  "sf4:age1/sapling/bone": {
    "criteria": {
      "Completed Root": "2020-03-21 19:01:01 +0000",
      "Obtain Bone Sapling": "2020-03-21 20:34:15 +0000"
    },
    "done": true
  },
  "pacifist:pacifist_run/peaceful": {
    "criteria": {
      "brokeLeaves": "2020-03-21 19:01:55 +0000",
      "brokeLog": "2020-03-21 19:01:44 +0000"
    },
    "done": false
  },
  "sf4:age1/water": {
    "criteria": {
      "Completed Root": "2020-03-21 19:01:01 +0000",
      "Obtain Water in a Clay Bucket": "2020-03-21 19:54:44 +0000"
    },
    "done": true
  },
  "sf4:age1/acorn/dirt_cooked": {
    "criteria": {
      "Completed Root": "2020-03-21 19:01:01 +0000",
      "Obtain Cooked Dirt Acorn": "2020-03-21 23:18:38 +0000"
    },
    "done": true
  },
  "sf4:age_power/pristineendermanmatter": {
    "criteria": {
      "Obtain Pristine Enderman Matter": "2020-03-23 18:30:55 +0000"
    },
    "done": true
  },
  "sf4:age1/twerk": {
    "criteria": {
      "Completed Root": "2020-03-21 19:01:01 +0000",
      "Obtain 8 Dirt Saplings": "2020-03-21 19:23:11 +0000",
      "Obtain 8 Oak Logs": "2020-03-21 19:06:32 +0000"
    },
    "done": true
  },
  "tutorial:tutorial/copied/diamondsapling": {
    "criteria": {
      "Obtain Diamond Sapling": "2020-03-21 23:58:59 +0000"
    },
    "done": false
  },
  "sf4:age_storage/simplestoragemaster": {
    "criteria": {
      "Obtain Network Master Block": "2020-03-22 08:37:43 +0000"
    },
    "done": true
  },
  "tutorial:tutorial/copied/diamond": {
    "criteria": {
      "Obtain Diamond": "2020-03-22 00:01:33 +0000"
    },
    "done": false
  },
  "tutorial:tutorial/copied/string": {
    "criteria": {
      "Obtain Cottonwood Sapling": "2020-03-21 23:06:43 +0000",
      "Obtain String": "2020-03-22 06:22:59 +0000"
    },
    "done": false
  },
  "sf4:age_power/complete": {
    "criteria": {
      "Completed Gotta Smelt Fast": "2020-03-23 20:27:12 +0000",
      "Completed The End of all Matter": "2020-03-23 18:30:55 +0000",
      "Completed Made for Each Other": "2020-03-28 23:47:36 +0000",
      "Completed Age of Power": "2020-03-21 19:01:01 +0000",
      "Completed Need iiii Speed": "2020-03-28 20:55:05 +0000",
      "Completed Package Control": "2020-03-25 06:39:56 +0000",
      "Completed Level Up!": "2020-03-28 20:55:50 +0000",
      "Completed The Study Guide": "2020-03-23 17:42:04 +0000",
      "Completed Generator, I Hardly Know Her": "2020-03-23 19:52:01 +0000"
    },
    "done": false
  },
  "sf4:age_enhancement/heater": {
    "criteria": {
      "Obtain Porcelain Heater": "2020-03-21 22:12:01 +0000"
    },
    "done": true
  },
  "hardcore:hardcore/survive": {
    "criteria": {
      "Get killed": "2020-03-21 22:57:52 +0000"
    },
    "done": false
  },
  "sf4:age1/clay_bucket": {
    "criteria": {
      "Obtain Unfired Clay Bucket": "2020-03-21 19:53:31 +0000",
      "Completed Root": "2020-03-21 19:01:01 +0000"
    },
    "done": true
  },
  "sf4:age_exploration/dragonkill": {
    "criteria": {
      "Enter Custom End Dimension": "2020-03-22 07:43:56 +0000",
      "Enter End Dimension": "2020-03-23 17:43:21 +0000"
    },
    "done": true
  },
  "compactmachines:test/5x5x52": {
    "criteria": {
      "Craft Simple Geothermal Generator": "2020-03-23 19:52:01 +0000"
    },
    "done": false
  },
  "sf4:age_farming/complete": {
    "criteria": {
      "Completed Citizen Cane": "2020-03-21 22:12:02 +0000",
      "Completed Yes We Can!": "2020-03-21 23:15:05 +0000",
      "Completed Sick Sprinkler": "2020-03-22 06:59:11 +0000",
      "Completed Age of Farming": "2020-03-21 19:01:01 +0000",
      "Completed Shredded Wheat": "2020-03-21 23:18:00 +0000",
      "Completed Bonsai!!!": "2020-03-21 19:43:29 +0000",
      "Completed Condensed Milk": "2020-03-22 07:33:32 +0000"
    },
    "done": false
  },
  "sf4:age1/amber/iron": {
    "criteria": {
      "Completed Root": "2020-03-21 19:01:01 +0000",
      "Obtain Iron Amber": "2020-03-21 20:44:05 +0000"
    },
    "done": true
  },
  "tutorial:tutorial/copied/ironingot": {
    "criteria": {
      "Obtain Iron Ingot": "2020-03-21 20:58:16 +0000"
    },
    "done": false
  },
  "tutorial:tutorial/copied/ironbucket": {
    "criteria": {
      "Obtain Iron Bucket": "2020-03-21 21:40:43 +0000"
    },
    "done": false
  },
  "sf4:age1/drying_rack": {
    "criteria": {
      "Completed Root": "2020-03-21 19:01:01 +0000",
      "Obtain Drying Rack": "2020-03-21 19:14:20 +0000"
    },
    "done": true
  },
  "tutorial:tutorial/placeoak": {
    "criteria": {
      "Placed Oak Planks": "2020-03-21 19:05:44 +0000"
    },
    "done": false
  },
  "sf4:age_power/speedmodifier": {
    "criteria": {
      "Obtain Speed Modifier": "2020-03-28 20:55:05 +0000"
    },
    "done": true
  },
  "sf4:age_allthethingsomglol/complete_no_prestige": {
    "criteria": {
      "Prestige Mode Disabled": "2020-03-21 19:01:01 +0000",
      "Completed Age of ALLTHETHINGSOMGLOL": "2020-03-21 19:01:01 +0000"
    },
    "done": false
  },
  "sf4:age1/sapling": {
    "criteria": {
      "Has Sapling": "2020-03-21 19:01:21 +0000",
      "Completed Root": "2020-03-21 19:01:01 +0000",
      "Completed SkyFactory 4": "2020-03-21 19:01:01 +0000"
    },
    "done": false
  },
  "sf4:age_farming/complete_no_prestige": {
    "criteria": {
      "Completed Citizen Cane": "2020-03-21 22:12:02 +0000",
      "Prestige Mode Disabled": "2020-03-21 19:01:01 +0000",
      "Completed Sick Sprinkler": "2020-03-22 06:59:11 +0000",
      "Completed Age of Farming": "2020-03-21 19:01:01 +0000",
      "Completed Shredded Wheat": "2020-03-21 23:18:00 +0000",
      "Completed Fertile Soil": "2020-03-21 20:34:43 +0000",
      "Completed Cowabonsai!": "2020-03-21 21:24:39 +0000",
      "Completed TuMULCHuous": "2020-03-21 21:48:04 +0000",
      "Completed Yes We Can!": "2020-03-21 23:15:05 +0000",
      "Completed Bonsai!!!": "2020-03-21 19:43:29 +0000",
      "Completed Condensed Milk": "2020-03-22 07:33:32 +0000"
    },
    "done": false
  },
  "sf4:age_allthethingsomglol/pristinematter": {
    "criteria": {
      "Pristine Enderman Matter": "2020-03-23 18:30:55 +0000"
    },
    "done": false
  },
  "sf4:age_allthethingsomglol/root": {
    "criteria": {
      "inventoryChange": "2020-03-21 19:01:01 +0000"
    },
    "done": true
  }
}