{"stat.useItem.minecraft.bow":25,"stat.craftItem.realfilingcabinet.modelcabinet":23,"stat.craftItem.sky_orchards.sapling_sand":2,"stat.pickup.sky_orchards.resin_quartz":8,"stat.pickup.bdsandm.wood_crate":1,"stat.craftItem.sky_orchards.amber_osmium":214,"stat.mineBlock.minecraft.stained_glass":4,"stat.pickup.rustic.crushing_tub":1,"stat.pickup.tconstruct.faucet":1,"stat.mineBlock.sky_orchards.log_dirt":89,"stat.pickup.minecraft.rotten_flesh":131,"stat.useItem.minecraft.diamond_hoe":81,"stat.mineBlock.nuclearcraft.manufactory_idle":2,"stat.craftItem.minecraft.stone_axe":2,"stat.pickup.sky_orchards.resin_emerald":8,"stat.pickup.minecraft.bucket":1,"stat.killEntity.Enderman":29,"stat.pickup.integrateddynamics.menril_berries":9,"stat.mineBlock.minecraft.end_stone":5,"stat.pickup.minecraft.stained_hardened_clay":2,"stat.pickup.tcomplement.porcelain_melter":6,"stat.mineBlock.chisel.marble2":44,"stat.craftItem.ironjetpacks.stone_cell":17,"stat.furnaceInteraction":722,"stat.useItem.minecraft.nether_wart":35,"stat.mineBlock.rustic.apple_seeds":1,"stat.pickup.minecraft.nether_brick":1,"stat.craftItem.sky_orchards.acorn_dirt":128,"stat.craftItem.chineseworkshop.black_roof_tile_edge_slab_t_wb":10,"stat.pickup.sky_orchards.acorn_coal":26,"stat.useItem.compactstorage.compactchest":1,"stat.pickup.sky_orchards.acorn_dirt":117,"stat.craftItem.telepastries.hunting_dimension_cake":1,"stat.mineBlock.twilightforest.naga_stone":1,"stat.mineBlock.sky_orchards.log_quartz":6,"stat.drop.sky_orchards.acorn_bacon":2,"stat.useItem.minecraft.wheat_seeds":79,"stat.killEntity.twilightforest.naga":2,"stat.craftItem.morecauldrons.cobble_cauldron":1,"stat.pickup.sky_orchards.sapling_copper":6,"stat.deaths":2,"stat.useItem.tconstruct.smeltery_io":1,"stat.pickup.minecraft.egg":241,"stat.pickup.xlfoodmod.raw_corn":23,"stat.pickup.sky_orchards.sapling_lapis":1,"stat.pickup.integrateddynamics.energy_battery":4,"stat.chestOpened":324,"stat.mineBlock.integrateddynamics.menril_planks":2,"stat.mineBlock.sky_orchards.leaves_iron":28,"stat.craftItem.minecraft.quartz_block":4,"stat.craftItem.minecraft.coal":980,"stat.craftItem.sky_orchards.sapling_redstone":1,"stat.pickup.minecraft.carrot":5,"stat.crouchOneCm":298791,"stat.craftItem.minecraft.diamond":410,"stat.craftItem.minecraft.iron_ingot":1330,"stat.pickup.bonsaitrees.bonsaipot":35,"stat.craftItem.xlfoodmod.cooked_dough":24,"stat.craftingTableInteraction":278,"stat.mineBlock.tconstruct.rack":18,"stat.craftItem.chineseworkshop.black_brick_wall":42,"stat.pickup.ceramics.clay_hard":33,"stat.craftItem.tconstruct.pattern":20,"stat.mineBlock.minecraft.log2":6,"stat.pickup.xlfoodmod.rice":19,"stat.mineBlock.tconstruct.smeltery_io":1,"stat.pickup.minecraft.dye":65,"stat.pickup.minecraft.planks":45,"stat.pickup.sky_orchards.resin_iron":117,"stat.pickup.chineseworkshop.small_black_brick_wall":16,"stat.craftItem.tconstruct.seared_furnace_controller":1,"stat.craftItem.minecraft.magma":7,"stat.craftItem.mekanism.speedupgrade":24,"stat.pickup.compactstorage.compactchest":2,"stat.pickup.sky_orchards.sapling_iron":21,"stat.craftItem.ironjetpacks.iron_cell":5,"stat.useItem.realfilingcabinet.modelcabinet":17,"stat.craftItem.ceramics.clay_hard":26,"stat.craftItem.tcomplement.porcelain_melter":2,"stat.pickup.sky_orchards.resin_gravel":70,"stat.pickup.sky_orchards.resin_silver":6,"stat.craftItem.sky_orchards.acorn_gravel":64,"stat.craftItem.appliedenergistics2.inscriber":1,"stat.mineBlock.twilightforest.twilight_leaves":5,"stat.pickup.minecraft.end_stone":5,"stat.craftItem.minecraft.bucket":3,"stat.craftItem.minecraft.planks":3712,"stat.craftItem.minecraft.dirt":241,"stat.mineBlock.realfilingcabinet.modelcabinet":1,"stat.pickup.sky_orchards.leaves_petrified":21,"stat.pickup.minecraft.book":36,"stat.craftItem.sky_orchards.sapling_donut":1,"stat.craftItem.storagenetwork.master":1,"stat.craftItem.vc.item_airship_frame":4,"stat.craftItem.chineseworkshop.stone_tower_lamp":4,"stat.pickup.appliedenergistics2.part":1,"stat.craftItem.minecraft.cobblestone":22,"stat.pickup.cyclicmagic.sprinkler":3,"stat.mineBlock.minecraft.cobblestone":110,"stat.pickup.minecraft.flint":10,"stat.killEntity.Human":22,"stat.craftItem.sky_orchards.sapling_emerald":1,"stat.mineBlock.minecraft.concrete":4,"stat.pickup.minecraft.flower_pot":1,"stat.mineBlock.minecraft.stained_glass_pane":4,"stat.craftItem.compactstorage.chestbuilder":2,"stat.pickup.realfilingcabinet.modelcabinet":5,"stat.mineBlock.chineseworkshop.black_tile_ridge_roof_edge_w":3,"stat.drop.minecraft.cobblestone":6,"stat.mineBlock.morecauldrons.oak_cauldron":6,"stat.useItem.minecraft.stone_slab2":371,"stat.useItem.chineseworkshop.black_tile_ridge_roof_edge_w":3,"stat.craftItem.minecraft.furnace":31,"stat.craftItem.minecraft.lapis_block":67,"stat.pickup.thermalfoundation.ore":23,"stat.craftItem.minecraft.iron_boots":1,"stat.pickup.minecraft.diamond_leggings":1,"stat.mineBlock.morecauldrons.cobble_cauldron":3,"stat.useItem.rustic.cabinet":3,"stat.pickup.twilightforest.twilight_sapling":5,"stat.craftItem.minecraft.iron_block":10,"stat.pickup.twilightforest.naga_scale":20,"stat.useItem.tconstruct.rack":21,"stat.pickup.sky_orchards.acorn_lead":2,"stat.killEntity.Creeper":4,"stat.mineBlock.rustic.sapling_apple":1,"stat.pickup.tombstone.crafting_ingredient":7,"stat.craftItem.tconstruct.stone_stick":8,"stat.useItem.sky_orchards.sapling_petrified":12,"stat.sprintOneCm":1347142,"stat.mineBlock.minecraft.stone_slab":4,"stat.useItem.carryon.tile_item":20,"stat.mineBlock.sky_orchards.leaves_petrified":82,"stat.mineBlock.sky_orchards.sapling_iron":1,"stat.pickup.sky_orchards.sapling_emerald":5,"stat.pickup.tconstruct.nuggets":3,"stat.craftItem.minecraft.redstone_lamp":5,"stat.pickup.sky_orchards.resin_diamond":7,"stat.mineBlock.bonsaitrees.bonsaipot":35,"stat.craftItem.minecraft.emerald":129,"stat.pickup.minecraft.iron_block":1,"stat.killEntity.Zombie":26,"stat.craftItem.minecraft.dye":774,"stat.craftItem.minecraft.diamond_axe":2,"stat.craftItem.minecraft.slime_ball":64,"stat.pickup.minecraft.wheat":342,"stat.craftItem.vc.item_airship_engine":4,"stat.craftItem.chineseworkshop.black_roof_tile_edge_j_wb":7,"stat.mineBlock.tconstruct.seared_furnace_controller":1,"stat.mineBlock.tconstruct.slime_leaves":76,"stat.pickup.minecraft.obsidian":8,"stat.craftItem.rustic.cabinet":4,"stat.craftItem.sky_orchards.sapling_coal":1,"stat.pickup.sky_orchards.resin_clay":114,"stat.pickup.minecraft.coal":23,"stat.pickup.minecraft.iron_ingot":1,"stat.pickup.tconstruct.seared_tank":1,"stat.mineBlock.sky_orchards.leaves_copper":45,"stat.craftItem.minecraft.lever":4,"stat.drop.minecraft.diamond_sword":1,"stat.pickup.minecraft.gunpowder":82,"stat.pickup.minecraft.dirt":52,"stat.craftItem.ironjetpacks.stone_thruster":5,"stat.mineBlock.chineseworkshop.black_roof_tile_edge_slab_t_wb":4,"stat.craftItem.realfilingcabinet.emptyfolder":144,"stat.mineBlock.minecraft.red_flower":4,"stat.mineBlock.minecraft.torch":10,"stat.pickup.minecraft.written_book":1,"stat.craftItem.minecraft.glowstone":64,"stat.pickup.sky_orchards.leaves_netherrack":3,"stat.useItem.integrateddynamics.menril_log":1,"stat.pickup.sky_orchards.sapling_clay":22,"stat.useItem.chineseworkshop.stone_tower_lamp":5,"stat.useItem.storagenetwork.storage_kabel":83,"stat.pickup.chineseworkshop.black_roof_tile_edge_slab_t_wb":4,"stat.craftItem.sky_orchards.acorn_bone":234,"stat.pickup.twilightforest.naga_stone":1,"stat.craftItem.tconstruct.smeltery_io":4,"stat.useItem.minecraft.lava_bucket":6,"stat.craftItem.morecauldrons.oak_cauldron":1,"stat.craftItem.slabmachines.chest_slab":2,"stat.pickup.sky_orchards.acorn_netherrack":10,"stat.pickup.cyclicmagic.ender_pearl_reuse":1,"stat.mineBlock.integrateddynamics.energy_battery":4,"stat.pickup.sky_orchards.acorn_glowstone":19,"stat.useItem.minecraft.redstone_ore":11,"stat.useItem.cyclicmagic.item_pipe":10,"stat.mineBlock.integrateddynamics.menril_leaves":36,"stat.useItem.minecraft.concrete":1,"stat.mobKills":174,"stat.pickup.minecraft.diamond_boots":1,"stat.mineBlock.minecraft.bookshelf":12,"stat.mineBlock.simplegenerators.geothermal_upgradable":1,"stat.craftItem.minecraft.lead":14,"stat.mineBlock.rustic.crushing_tub":1,"stat.mineBlock.sky_orchards.log_nickel":4,"stat.mineBlock.sky_orchards.log_petrified":61,"stat.useItem.cyclicmagic.energy_pipe":45,"stat.pickup.cyclicmagic.energy_pipe":17,"stat.useItem.minecraft.soul_sand":5,"stat.killEntity.Blaze":7,"stat.mineBlock.cyclicmagic.item_pipe":4,"stat.drop.minecraft.shield":1,"stat.pickup.sky_orchards.resin_lead":39,"stat.craftItem.horsepower.hand_grindstone":1,"stat.mineBlock.sky_orchards.log_bacon":6,"stat.useItem.chineseworkshop.black_roof_tile_edge_j_wb":12,"stat.pickup.chineseworkshop.black_tile_roof":13,"stat.craftItem.tconstruct.casting":5,"stat.pickup.sky_orchards.resin_bacon":10,"stat.craftItem.minecraft.stone_sword":4,"stat.pickup.inspirations.mulch":28,"stat.craftItem.minecraft.wooden_hoe":1,"stat.craftItem.telepastries.lost_city_cake":1,"stat.mineBlock.sky_orchards.leaves_netherrack":2,"stat.hopperInspected":10,"stat.pickup.tconstruct.slime_sapling":10,"stat.pickup.mekanismgenerators.generator":1,"stat.craftItem.minecraft.magma_cream":30,"stat.craftItem.thermalfoundation.material":619,"stat.craftItem.xlfoodmod.dough":24,"stat.craftItem.tcomplement.porcelain_casting":2,"stat.pickup.tconstruct.slime_dirt":2,"stat.mineBlock.simplegenerators.geothermal_simple":4,"stat.mineBlock.minecraft.soul_sand":7,"stat.craftItem.simplegenerators.geothermal_simple":2,"stat.pickup.minecraft.blaze_rod":5,"stat.useItem.sky_orchards.acorn_dirt":1,"stat.craftItem.minecraft.diamond_block":2,"stat.pickup.mekanism.otherdust":415,"stat.pickup.animalcrops.seeds":1,"stat.pickup.minecraft.spruce_door":2,"stat.craftItem.telepastries.twilight_cake":1,"stat.pickup.tconstruct.casting":6,"stat.craftItem.storagenetwork.kabel":128,"stat.pickup.sky_orchards.acorn_petrified":110,"stat.craftItem.sky_orchards.sapling_diamond":1,"stat.craftItem.minecraft.flint":45,"stat.craftItem.vc.airship_workbench":1,"stat.pickup.sky_orchards.resin_sand":83,"stat.craftItem.telepastries.end_cake":1,"stat.pickup.sky_orchards.resin_gold":2,"stat.craftItem.inspirations.mulch":94,"stat.drop.minecraft.stone":1,"stat.pickup.sky_orchards.leaves_bone":5,"stat.pickup.minecraft.melon_seeds":3,"stat.mineBlock.slabmachines.chest_slab":1,"stat.craftItem.tconstruct.toolforge":1,"stat.pickup.resourcehogs.bacon":1,"stat.craftItem.ironjetpacks.basic_coil":51,"stat.useItem.minecraft.furnace":2,"stat.craftItem.ironjetpacks.iron_jetpack":1,"stat.craftItem.tconstruct.materials":792,"stat.pickup.storagenetwork.master":1,"stat.mineBlock.minecraft.gravel":2,"stat.drop.sky_orchards.leaves_petrified":1,"stat.pickup.chineseworkshop.black_tile_ridge_roof_edge_t_w":6,"stat.craftItem.minecraft.leather":1,"stat.craftItem.integrateddynamics.squeezer":1,"stat.useItem.minecraft.torch":39,"stat.pickup.minecraft.golden_apple":5,"stat.craftItem.minecraft.redstone_block":449,"stat.useItem.minecraft.log":2,"stat.pickup.minecraft.crafting_table":1,"stat.craftItem.sky_orchards.acorn_lapis":80,"stat.pickup.sky_orchards.acorn_gold":2,"stat.craftItem.minecraft.crafting_table":8,"stat.pickup.simplegenerators.geothermal_simple":4,"stat.pickup.sky_orchards.acorn_sand":89,"stat.pickup.twilightforest.spiral_bricks":1,"stat.pickup.minecraft.sapling":21,"stat.killEntity.WitherSkeleton":12,"stat.mineBlock.mekanism.machineblock":5,"stat.craftItem.ceramics.channel":1,"stat.pickup.sky_orchards.acorn_lapis":2,"stat.craftItem.minecraft.sugar":72,"stat.pickup.sky_orchards.sapling_diamond":5,"stat.drop.minecraft.bucket":1,"stat.pickup.minecraft.stone_slab":12,"stat.pickup.minecraft.yellow_flower":6,"stat.useItem.sky_orchards.sapling_dirt":16,"stat.drop.minecraft.wooden_axe":1,"stat.killEntity.twilightforest.lich":1,"stat.mineBlock.integrateddynamics.menril_log_filled":6,"stat.pickup.minecraft.bone":127,"stat.craftItem.minecraft.sticky_piston":3,"stat.craftItem.ceramics.unfired_clay":536,"stat.pickup.minecraft.redstone_torch":4,"stat.horseOneCm":8710,"stat.useItem.chineseworkshop.black_roof_tile_edge_slab_t_wb":4,"stat.mineBlock.sky_orchards.leaves_gravel":15,"stat.craftItem.sky_orchards.sapling_quartz":1,"stat.mineBlock.cyclicmagic.fluid_pump":1,"stat.pickup.sky_orchards.resin_dirt":245,"stat.useItem.minecraft.diamond_sword":518,"stat.climbOneCm":11631,"stat.useItem.sky_orchards.sapling_glowstone":2,"stat.useItem.rustic.crushing_tub":1,"stat.craftItem.minecraft.gold_block":6,"stat.craftItem.inspirations.stone_crook":3,"stat.craftItem.minecraft.bone_block":77,"stat.craftItem.sky_orchards.sapling_bone":1,"stat.pickup.minecraft.anvil":1,"stat.craftItem.minecraft.trapdoor":4,"stat.craftItem.minecraft.quartz":27,"stat.pickup.minecraft.cobblestone":986,"stat.craftItem.minecraft.glass_bottle":6,"stat.pickup.minecraft.soul_sand":7,"stat.pickup.sky_orchards.resin_coal":17,"stat.craftItem.sky_orchards.amber_lapis":1,"stat.pickup.minecraft.dragon_egg":1,"stat.pickup.sky_orchards.sapling_petrified":32,"stat.mineBlock.minecraft.iron_ore":7,"stat.killEntity.ranged_rogue_android":6,"stat.craftItem.minecraft.cake":5,"stat.drop.minecraft.coal":2,"stat.craftItem.vc.item_logic_chip":45,"stat.mineBlock.thermalfoundation.ore":22,"stat.pickup.rustic.sapling":4,"stat.mineBlock.storagenetwork.storage_kabel":27,"stat.craftItem.tconstruct.soil":978,"stat.craftItem.sky_orchards.sapling_netherrack":7,"stat.pickup.tconstruct.smeltery_controller":2,"stat.pickup.mekanism.biofuel":48,"stat.mineBlock.sky_orchards.leaves_clay":8,"stat.drop.sky_orchards.leaves_netherrack":1,"stat.mineBlock.chineseworkshop.black_tile_ridge_roof_edge_t_w":6,"stat.mineBlock.rustic.cabinet":4,"stat.craftItem.minecraft.stick":52,"stat.craftItem.thermalinnovation.magnet":1,"stat.craftItem.minecraft.stained_hardened_clay":8,"stat.craftItem.minecraft.gold_nugget":153,"stat.craftItem.cyclicmagic.auto_packager":1,"stat.craftItem.minecraft.clay_ball":1084,"stat.drop.xlfoodmod.raw_corn":4,"stat.pickup.minecraft.diamond_chestplate":1,"stat.pickup.sky_orchards.resin_copper":8,"stat.mineBlock.minecraft.planks":136,"stat.drop":31,"stat.craftItem.chineseworkshop.black_tile_roof":36,"stat.useItem.tconstruct.seared":168,"stat.pickup.minecraft.golden_chestplate":2,"stat.craftItem.pickletweaks.diamond_paxel":1,"stat.useItem.inspirations.stone_crook":420,"stat.pickup.sky_orchards.acorn_cottonwood":20,"stat.pickup.cyclicmagic.fluid_pump":1,"stat.craftItem.minecraft.piston":12,"stat.mineBlock.minecraft.anvil":1,"stat.pickup.morecauldrons.cobble_cauldron":3,"stat.useItem.minecraft.apple":126,"stat.mineBlock.chineseworkshop.stone_tower_lamp":2,"stat.useItem.minecraft.stone_axe":148,"stat.craftItem.minecraft.iron_helmet":1,"stat.mineBlock.cyclicmagic.item_pump":4,"stat.pickup.tcomplement.porcelain_tank":3,"stat.pickup.sky_orchards.leaves_cottonwood":9,"stat.mineBlock.minecraft.leaves2":8,"stat.craftItem.minecraft.iron_bars":208,"stat.craftItem.minecraft.netherbrick":64,"stat.damageDealt":42210,"stat.pickup.sky_orchards.resin_glowstone":25,"stat.mineBlock.minecraft.nether_brick_stairs":1,"stat.craftItem.minecraft.gravel":398,"stat.craftItem.nuclearcraft.part":18,"stat.mineBlock.integrateddynamics.squeezer":2,"stat.pickup.minecraft.stick":168,"stat.mineBlock.compactstorage.compactchest":1,"stat.craftItem.cyclicmagic.item_pipe":16,"stat.pickup.sky_orchards.acorn_clay":117,"stat.pickup.rustic.apple_seeds":4,"stat.mineBlock.sky_orchards.leaves_osmium":46,"stat.pickup.sky_orchards.acorn_emerald":5,"stat.mineBlock.sky_orchards.log_gravel":21,"stat.pickup.sky_orchards.acorn_gravel":71,"stat.craftItem.mekanismgenerators.generator":1,"stat.craftItem.nuclearcraft.manufactory_idle":1,"stat.craftItem.minecraft.redstone":756,"stat.pickup.vc.modules/item_module_type":1,"stat.craftItem.minecraft.red_nether_brick":20,"stat.mineBlock.cyclicmagic.sprinkler":3,"stat.craftItem.integrateddynamics.energy_battery":7,"stat.craftItem.tp.watering_can":1,"stat.pickup.sky_orchards.sapling_silver":1,"stat.craftItem.bdsandm.wood_crate":1,"stat.craftItem.sky_orchards.sapling_glowstone":1,"stat.pickup.slabmachines.chest_slab":1,"stat.craftItem.minecraft.fence":447,"stat.mineBlock.sky_orchards.log_osmium":4,"stat.useItem.minecraft.golden_apple":27,"stat.mineBlock.minecraft.leaves":15,"stat.mineBlock.tconstruct.seared":12,"stat.craftItem.sky_orchards.amber_nickel":121,"stat.craftItem.nuclearcraft.upgrade":13,"stat.pickup.sky_orchards.acorn_osmium":5,"stat.mineBlock.matteroverdrive.tritanium_ore":6,"stat.craftItem.minecraft.diamond_hoe":1,"stat.leaveGame":12,"stat.pickup.tconstruct.edible":15,"stat.craftItem.minecraft.ender_eye":8,"stat.craftItem.minecraft.string":4,"stat.killEntity.PigZombie":7,"stat.craftItem.minecraft.shield":2,"stat.craftItem.inspirations.dyed_bottle":3,"stat.pickup.minecraft.leaves2":2,"stat.pickup.sky_orchards.resin_cottonwood":12,"stat.pickup.sky_orchards.acorn_diamond":69,"stat.pickup.horsepower.hand_grindstone":2,"stat.craftItem.sky_orchards.amber_clay":64,"stat.craftItem.telepastries.nether_cake":2,"stat.craftItem.sky_orchards.sapling_gravel":1,"stat.pickup.sky_orchards.sapling_dirt":52,"stat.pickup.integrateddynamics.menril_sapling":2,"stat.pickup.sky_orchards.resin_petrified":185,"stat.craftItem.minecraft.wooden_pickaxe":1,"stat.craftItem.conarm.book":1,"stat.craftItem.mekanism.energycube":2,"stat.craftItem.minecraft.bed":2,"stat.pickup.cyclicmagic.item_pump":4,"stat.useItem.vc.airships/item_airship":2,"stat.mineBlock.minecraft.vine":1,"stat.useItem.ceramics.clay_hard":20,"stat.pickup.thermalfoundation.material":29,"stat.pickup.simplegenerators.geothermal_upgradable":1,"stat.mineBlock.sky_orchards.leaves_quartz":48,"stat.drop.minecraft.red_flower":1,"stat.craftItem.storagenetwork.storage_kabel":96,"stat.pickup.sky_orchards.sapling_coal":2,"stat.craftItem.integrateddynamics.menril_sapling":1,"stat.pickup.twilightforest.twilight_scepter":1,"stat.pickup.tconstruct.smeltery_io":1,"stat.pickup.rustic.olives":20,"stat.craftItem.minecraft.dropper":6,"stat.pickup.sky_orchards.leaves_coal":7,"stat.useItem.minecraft.dye":85,"stat.pickup.sky_orchards.leaves_dirt":27,"stat.drop.cyclicmagic.ender_pearl_reuse":1,"stat.drop.minecraft.glass_bottle":1,"stat.pickup.chisel.marble2":44,"stat.mineBlock.minecraft.tallgrass":89,"stat.pickup.tconstruct.seared":12,"stat.pickup.tombstone.soul_receptacle":1,"stat.pickup.sky_orchards.acorn_quartz":10,"stat.craftItem.minecraft.light_weighted_pressure_plate":3,"stat.pickup.minecraft.arrow":156,"stat.craftItem.mekanism.machineblock":7,"stat.craftItem.appliedenergistics2.part":43,"stat.pickup.sky_orchards.acorn_bacon":6,"stat.pickup.tconstruct.cast_custom":1,"stat.useItem.sky_orchards.sapling_gravel":1,"stat.mineBlock.chineseworkshop.small_black_brick_wall":16,"stat.mineBlock.minecraft.chest":12,"stat.pickup.minecraft.painting":24,"stat.craftItem.minecraft.hopper":39,"stat.pickup.sky_orchards.resin_lapis":51,"stat.craftItem.integrateddynamics.menril_planks":192,"stat.mineBlock.cyclicmagic.melter":1,"stat.craftItem.minecraft.diamond_shovel":2,"stat.pickup.minecraft.wheat_seeds":864,"stat.craftItem.sky_orchards.acorn_iron":256,"stat.pickup.darkutils.material":6,"stat.pickup.pickletweaks.dye_powder":1,"stat.pickup.sky_orchards.acorn_iron":59,"stat.mineBlock.minecraft.dirt":22,"stat.pickup.minecraft.brewing_stand":1,"stat.pickup.inspirations.carrot_seeds":1,"stat.useItem.minecraft.cobblestone":813,"stat.pickup.chineseworkshop.black_roof_tile_edge_j_wb":8,"stat.craftItem.vc.item_viesoline_pellets":68,"stat.craftItem.minecraft.gold_ingot":531,"stat.craftItem.minecraft.brewing_stand":1,"stat.pickup.minecraft.apple":211,"stat.pickup.integrateddynamics.squeezer":2,"stat.pickup.chineseworkshop.black_roof_tile_ridge":13,"stat.pickup.morecauldrons.oak_cauldron":6,"stat.mineBlock.integrateddynamics.menril_log":22,"stat.mineBlock.minecraft.log":68,"stat.pickup.rustic.sapling_apple":8,"stat.craftItem.minecraft.paper":114,"stat.pickup.chineseworkshop.black_tile_ridge_roof_edge_w":3,"stat.pickup.minecraft.red_flower":4,"stat.mineBlock.sky_orchards.leaves_glowstone":100,"stat.mineBlock.cyclicmagic.energy_pipe":17,"stat.useItem.minecraft.wooden_axe":474,"stat.cakeSlicesEaten":1,"stat.craftItem.chineseworkshop.black_tile_ridge_roof_edge_t_w":10,"stat.mineBlock.tcomplement.porcelain_tank":3,"stat.useItem.cyclicmagic.emerald_sword":153,"stat.craftItem.tconstruct.edible":24,"stat.pickup.sky_orchards.resin_osmium":5,"stat.mineBlock.minecraft.yellow_flower":8,"stat.craftItem.minecraft.wool":8,"stat.craftItem.minecraft.arrow":192,"stat.useItem.minecraft.egg":50,"stat.useItem.xlfoodmod.corn_seeds":1,"stat.mineBlock.sky_orchards.leaves_emerald":31,"stat.mineBlock.twilightforest.spiral_bricks":1,"stat.craftItem.minecraft.cooked_beef":19,"stat.craftItem.chineseworkshop.small_black_brick_wall":12,"stat.mineBlock.sky_orchards.leaves_dirt":116,"stat.craftItem.cyclicmagic.emerald_leggings":1,"stat.craftItem.minecraft.bow":2,"stat.craftItem.sky_orchards.amber_gold":988,"stat.craftItem.cyclicmagic.item_pump":4,"stat.flyOneCm":550777,"stat.pickup.minecraft.nether_brick_stairs":1,"stat.pickup.rustic.slate":22,"stat.mineBlock.sky_orchards.log_copper":5,"stat.timeSinceDeath":434808,"stat.craftItem.tconstruct.slime_dirt":2,"stat.pickup.minecraft.nether_wart":107,"stat.craftItem.tconstruct.seared":172,"stat.pickup.chargers.charger":1,"stat.mineBlock.minecraft.enchanting_table":1,"stat.craftItem.tcomplement.porcelain_tank":1,"stat.craftItem.minecraft.concrete_powder":16,"stat.mineBlock.minecraft.coal_ore":6,"stat.mineBlock.sky_orchards.leaves_diamond":11,"stat.pickup.minecraft.string":70,"stat.pickup.tcomplement.porcelain_casting":5,"stat.pickup.sky_orchards.resin_netherrack":5,"stat.craftItem.tconstruct.tooltables":4,"stat.pickup.sky_orchards.sapling_bacon":3,"stat.useItem.minecraft.diamond_shovel":16,"stat.craftItem.minecraft.wooden_axe":40,"stat.craftItem.minecraft.apple":104,"stat.craftItem.sky_orchards.acorn_redstone":128,"stat.craftItem.valkyrielib.modifier_speed":4,"stat.pickup.sky_orchards.leaves_gravel":17,"stat.craftItem.chineseworkshop.black_tile_ridge_roof_edge_w":7,"stat.useItem.tconstruct.seared_tank":1,"stat.pickup.sky_orchards.leaves_silver":3,"stat.useItem.minecraft.ladder":31,"stat.diveOneCm":23144,"stat.craftItem.minecraft.ladder":72,"stat.useItem.bonsaitrees.bonsaipot":26,"stat.craftItem.chargers.charger":3,"stat.mineBlock.sky_orchards.log_glowstone":16,"stat.drop.minecraft.apple":4,"stat.pickup.matteroverdrive.tritanium_ore":6,"stat.jump":2044,"stat.mineBlock.sky_orchards.leaves_nickel":36,"stat.pickup.chineseworkshop.stone_tower_lamp":2,"stat.craftItem.ironjetpacks.stone_jetpack":1,"stat.craftItem.minecraft.torch":32,"stat.craftItem.sky_orchards.sapling_lapis":2,"stat.pickup.rustic.log":8,"stat.pickup.sky_orchards.resin_bone":28,"stat.useItem.minecraft.sapling":5,"stat.mineBlock.sky_orchards.log_emerald":4,"stat.damageTaken":5652,"stat.mineBlock.minecraft.sapling":4,"stat.pickup.minecraft.log2":15,"stat.craftItem.sky_orchards.amber_lead":65,"stat.pickup.minecraft.bed":1,"stat.useItem.chineseworkshop.black_roof_tile_ridge":15,"stat.pickup.minecraft.concrete":4,"stat.craftItem.vc.item_airship_balloon":2,"stat.pickup.xlfoodmod.rice_seeds":60,"stat.pickup.nuclearcraft.gem_dust":43,"stat.killEntity.Silverfish":1,"stat.craftItem.minecraft.stone_slab":108,"stat.useItem.minecraft.chest":6,"stat.pickup.sky_orchards.acorn_nickel":3,"stat.pickup.sky_orchards.sapling_bone":3,"stat.craftItem.ironjetpacks.stone_capacitor":2,"stat.pickup.sky_orchards.leaves_sand":11,"stat.craftItem.chineseworkshop.black_roof_tile_ridge":4,"stat.craftItem.mekanism.ingot":127,"stat.pickup.chineseworkshop.black_tile_roof_slab":27,"stat.craftItem.sky_orchards.amber_silver":65,"stat.useItem.tconstruct.faucet":1,"stat.useItem.chineseworkshop.black_tile_roof":44,"stat.craftItem.rustic.crushing_tub":2,"stat.mineBlock.sky_orchards.log_diamond":4,"stat.craftItem.minecraft.iron_chestplate":1,"stat.pickup.minecraft.ender_pearl":22,"stat.craftItem.cyclicmagic.fluid_pump":1,"stat.mineBlock.minecraft.stonebrick":5,"stat.craftItem.cyclicmagic.emerald_helmet":1,"stat.craftItem.cyclicmagic.emerald_boots":1,"stat.craftItem.sky_orchards.acorn_clay":384,"stat.pickup.minecraft.torch":14,"stat.craftItem.mekanism.controlcircuit":9,"stat.useItem.inspirations.sugar_cane_seeds":20,"stat.craftItem.sky_orchards.sapling_cottonwood":1,"stat.mineBlock.tconstruct.seared_tank":1,"stat.craftItem.vc.item_airship_ignition":3,"stat.craftItem.storagenetwork.request":1,"stat.useItem.minecraft.planks":676,"stat.craftItem.sky_orchards.sapling_petrified":1,"stat.mineBlock.ceramics.clay_hard":33,"stat.craftItem.xlfoodmod.donut":4,"stat.pickup.minecraft.blaze_powder":8,"stat.useItem.sky_orchards.sapling_iron":4,"stat.useItem.minecraft.water_bucket":15,"stat.craftItem.chineseworkshop.black_roof_tile_edge_slab_wb":8,"stat.craftItem.minecraft.golden_apple":43,"stat.craftItem.mekanism.basicblock":3,"stat.craftItem.cyclicmagic.sprinkler":1,"stat.craftItem.minecraft.blaze_powder":10,"stat.pickup.sky_orchards.sapling_nickel":4,"stat.useItem.chineseworkshop.small_black_brick_wall":24,"stat.mineBlock.horsepower.hand_grindstone":2,"stat.craftItem.minecraft.hardened_clay":8,"stat.pickup.xlfoodmod.lettuce_seeds":2,"stat.mineBlock.chineseworkshop.black_tile_roof":13,"stat.pickup.nuclearcraft.manufactory_idle":2,"stat.craftItem.ironjetpacks.iron_capacitor":1,"stat.pickup.sky_orchards.acorn_copper":6,"stat.pickup.xlfoodmod.vanilla_flower":1,"stat.pickup.minecraft.skull":2,"stat.craftItem.minecraft.netherrack":581,"stat.craftItem.minecraft.sand":656,"stat.useItem.storagenetwork.kabel":1,"stat.craftItem.minecraft.heavy_weighted_pressure_plate":15,"stat.playOneMinute":1221937,"stat.pickup.tconstruct.rack":19,"stat.mineBlock.appliedenergistics2.cable_bus":1,"stat.pickup.twilightforest.etched_nagastone":9,"stat.useItem.inspirations.wooden_crook":2,"stat.mineBlock.rustic.slate":22,"stat.mineBlock.tconstruct.faucet":1,"stat.pickup.tconstruct.seared_furnace_controller":1,"stat.useItem.sky_orchards.leaves_iron":2,"stat.pickup.rustic.leaves_apple":3,"stat.craftItem.minecraft.iron_nugget":27,"stat.fallOneCm":116505,"stat.pickup.sky_orchards.sapling_netherrack":5,"stat.craftItem.minecraft.chest":226,"stat.useItem.inspirations.mulch":4,"stat.pickup.sky_orchards.sapling_sand":1,"stat.craftItem.ironjetpacks.strap":1,"stat.mineBlock.bdsandm.wood_crate":1,"stat.pickup.sky_orchards.sapling_gold":1,"stat.craftItem.integrateddynamics.crystalized_menril_block":30,"stat.mineBlock.sky_orchards.sapling_petrified":1,"stat.craftItem.tconstruct.seared_tank":2,"stat.craftItem.minecraft.iron_leggings":1,"stat.useItem.pickletweaks.diamond_paxel":462,"stat.craftItem.sky_orchards.amber_tin":1,"stat.pickup.twilightforest.trophy":4,"stat.mineBlock.minecraft.monster_egg":1,"stat.pickup.nuclearcraft.upgrade":10,"stat.craftItem.integrateddynamics.on_the_dynamics_of_integration":1,"stat.pickup.sky_orchards.leaves_clay":23,"stat.mineBlock.storagenetwork.master":1,"stat.craftItem.ceramics.clay_bucket":3,"stat.useItem.sky_orchards.leaves_cottonwood":6,"stat.killEntity.LavaSlime":2,"stat.useItem.chineseworkshop.black_tile_ridge_roof_edge_t_w":6,"stat.pickup.minecraft.log":770,"stat.drop.xlfoodmod.rice":1,"stat.pickup.mekanism.machineblock":5,"stat.pickup.matteroverdrive.rogue_android_part":8,"stat.craftItem.sky_orchards.acorn_sand":41,"stat.craftItem.ironjetpacks.iron_thruster":2,"stat.craftItem.tconstruct.smeltery_controller":1,"stat.killEntity.rogue_android":9,"stat.pickup.minecraft.diamond_helmet":1,"stat.craftItem.sky_orchards.acorn_gold":64,"stat.mineBlock.sky_orchards.log_clay":47,"stat.craftItem.minecraft.flower_pot":1,"stat.drop.tconstruct.edible":1,"stat.craftItem.simplegenerators.geothermal_upgradable":1,"stat.mineBlock.sky_orchards.leaves_bacon":6,"stat.craftItem.sky_orchards.acorn_diamond":128,"stat.sneakTime":89181,"stat.craftItem.slabmachines.workbench_slab":2,"stat.pickup.minecraft.chest":12,"stat.mineBlock.ceramics.faucet":1,"stat.craftItem.vc.upgrades/item_upgrade_airship_frame":10,"stat.craftItem.tconstruct.faucet":3,"stat.craftItem.sky_orchards.amber_iron":1240,"stat.swimOneCm":11898,"stat.useItem.minecraft.dirt":122,"stat.pickup.minecraft.enchanting_table":1,"stat.pickup.sky_orchards.sapling_glowstone":25,"stat.craftItem.vc.upgrades/item_upgrade_airship_core":9,"stat.pickup.minecraft.glass_bottle":2,"stat.useItem.cyclicmagic.item_pump":1,"stat.pickup.sky_orchards.sapling_lead":1,"stat.craftItem.minecraft.wooden_slab":30,"stat.craftItem.minecraft.sapling":1,"stat.mineBlock.sky_orchards.leaves_cottonwood":8,"stat.pickup.sky_orchards.resin_nickel":7,"stat.mineBlock.mekanismgenerators.generator":1,"stat.craftItem.vc.airships/item_airship":2,"stat.pickup.minecraft.stonebrick":4,"stat.useItem.sky_orchards.sapling_clay":7,"stat.mineBlock.minecraft.nether_brick":1,"stat.craftItem.minecraft.brick_block":46,"stat.pickup.xlfoodmod.corn_seeds":36,"stat.craftItem.mekanism.energytablet":4,"stat.craftItem.minecraft.stone_slab2":0,"stat.pickup.sky_orchards.sapling_cottonwood":3,"stat.mineBlock.chineseworkshop.black_roof_tile_ridge":13,"stat.craftItem.cyclicmagic.apple_lapis":1,"stat.mineBlock.tcomplement.porcelain_melter":6,"stat.mineBlock.chineseworkshop.black_tile_roof_slab":27,"stat.craftItem.cyclicmagic.emerald_chestplate":1,"stat.useItem.minecraft.stone_slab":5,"stat.craftItem.minecraft.stone":295,"stat.pickup.integrateddynamics.menril_log":28,"stat.useItem.tconstruct.casting":2,"stat.mineBlock.minecraft.crafting_table":1,"stat.useItem.minecraft.diamond_pickaxe":399,"stat.craftItem.animalcrops.seeds":4,"stat.craftItem.nuclearcraft.dust":2,"stat.mineBlock.chineseworkshop.black_roof_tile_edge_j_wb":8,"stat.craftItem.mekanism.energyupgrade":24,"stat.craftItem.sky_orchards.sapling_clay":2,"stat.mineBlock.rustic.leaves_apple":1,"stat.pickup.rustic.cabinet":4,"stat.pickup.minecraft.slime_ball":1,"stat.craftItem.minecraft.diamond_pickaxe":2,"stat.pickup.ceramics.faucet":1,"stat.craftItem.minecraft.clay":286,"stat.pickup.integrateddynamics.crystalized_menril_chunk":10,"stat.mineBlock.sky_orchards.leaves_bone":1,"stat.pickup.minecraft.gravel":2,"stat.useItem.minecraft.glass_bottle":4,"stat.useItem.minecraft.diamond_axe":227,"stat.mineBlock.tconstruct.smeltery_controller":2,"stat.mineBlock.tconstruct.slime_dirt":2,"stat.pickup.minecraft.diamond_sword":2,"stat.craftItem.minecraft.brick_stairs":28,"stat.pickup.sky_orchards.leaves_iron":9,"stat.craftItem.tconstruct.rack":8,"stat.useItem.minecraft.wooden_hoe":1,"stat.craftItem.bonsaitrees.bonsaipot":87,"stat.pickup.minecraft.spider_eye":17,"stat.craftItem.tconstruct.book":2,"stat.pickup.minecraft.iron_ore":7,"stat.pickup.tconstruct.slime_congealed":8,"stat.pickup.inspirations.sugar_cane_seeds":107,"stat.pickup.minecraft.leaves":11,"stat.drop.sky_orchards.leaves_clay":1,"stat.useItem.minecraft.wooden_pickaxe":9,"stat.pickup.mysticalagriculture.crafting":13,"stat.pickup.minecraft.reeds":1221,"stat.craftItem.sky_orchards.amber_copper":65,"stat.pickup.storagenetwork.storage_kabel":25,"stat.craftItem.vc.modules/item_module_type":1,"stat.pickup.sky_orchards.sapling_quartz":5,"stat.useItem.chineseworkshop.black_tile_roof_slab":25,"stat.pickup.sky_orchards.sapling_osmium":9,"stat.craftItem.minecraft.glass":196,"stat.craftItem.minecraft.cauldron":2,"stat.craftItem.resourcehogs.mud_bucket":1,"stat.sleepInBed":10,"stat.mineBlock.sky_orchards.log_iron":31,"stat.pickup.sky_orchards.acorn_bone":157,"stat.walkOneCm":2388744,"stat.useItem.slabmachines.chest_slab":1,"stat.craftItem.sky_orchards.sapling_bacon":1,"stat.craftItem.inspirations.wooden_crook":1,"stat.pickup.cyclicmagic.melter":1,"stat.craftItem.ceramics.faucet":1,"stat.mineBlock.integrateddynamics.menril_sapling":1,"stat.pickup.minecraft.stone":61,"stat.craftItem.sky_orchards.amber_redstone":1,"stat.pickup.sky_orchards.acorn_silver":3,"stat.craftItem.minecraft.minecart":4,"stat.pickup.sky_orchards.sapling_gravel":10,"stat.mineBlock.thermalfoundation.ore_fluid":28,"stat.killEntity.Skeleton":16,"stat.craftItem.chineseworkshop.material":288,"stat.useItem.chineseworkshop.black_brick_wall":23,"stat.craftItem.mekanismgenerators.turbineblade":1,"stat.craftItem.cyclicmagic.energy_pipe":40,"stat.mineBlock.minecraft.redstone_torch":4,"stat.pickup.cyclicmagic.item_pipe":2,"stat.killEntity.Spider":22,"stat.mineBlock.inspirations.mulch":4,"stat.mineBlock.tcomplement.porcelain_casting":5,"stat.craftItem.chineseworkshop.black_tile_roof_slab":16,"stat.pickup.minecraft.quartz":2,"stat.craftItem.farmingforblockheads.market":1,"stat.craftItem.valkyrielib.modifier_component":8,"stat.craftItem.cyclicmagic.melter":1,"stat.useItem.appliedenergistics2.part":1,"stat.mineBlock.tconstruct.casting":6,"stat.craftItem.minecraft.brick":795,"stat.useItem.integrateddynamics.menril_planks":63,"stat.mineBlock.minecraft.stone":309,"stat.useItem.rustic.apple_seeds":1}