{"stat.useItem.minecraft.bow":7,"stat.craftItem.realfilingcabinet.modelcabinet":52,"stat.craftItem.sky_orchards.sapling_sand":1,"stat.pickup.deepmoblearning.glitch_infused_ingot":24,"stat.useItem.minecraft.quartz_block":40,"stat.pickup.sky_orchards.resin_quartz":39,"stat.pickup.bdsandm.wood_crate":13,"stat.craftItem.sky_orchards.amber_osmium":192,"stat.entityKilledBy.Human":1,"stat.craftItem.mob_grinding_utils.tank":3,"stat.mineBlock.minecraft.stained_glass":5,"stat.pickup.rustic.crushing_tub":4,"stat.mineBlock.minecraft.web":1,"stat.mineBlock.sky_orchards.log_dirt":66,"stat.pickup.minecraft.rotten_flesh":190,"stat.craftItem.minecraft.stone_axe":7,"stat.pickup.sky_orchards.resin_emerald":2,"stat.pickup.minecraft.cobblestone_wall":62,"stat.pickup.minecraft.bucket":1,"stat.killEntity.Enderman":204,"stat.craftItem.mob_grinding_utils.tank_sink":1,"stat.pickup.integrateddynamics.menril_berries":4,"stat.mineBlock.minecraft.end_stone":39,"stat.mineBlock.weirdinggadget.weirding_gadget":2,"stat.craftItem.tp.diamond_cobblegen_block":4,"stat.mineBlock.sky_orchards.amber_cottonwood":1,"stat.pickup.tcomplement.porcelain_melter":4,"stat.craftItem.minecraft.glass_pane":144,"stat.furnaceInteraction":494,"stat.pickup.headcrumbs.skull":1,"stat.entityKilledBy.WitherSkeleton":1,"stat.craftItem.sky_orchards.acorn_dirt":32,"stat.useItem.minecraft.end_stone":3,"stat.pickup.sky_orchards.acorn_coal":141,"stat.useItem.translocators.translocator_part":38,"stat.pickup.sky_orchards.acorn_dirt":117,"stat.craftItem.weirdinggadget.weirding_gadget":2,"stat.useItem.minecraft.fence":93,"stat.pickup.ceramics.unfired_clay":48,"stat.mineBlock.tp.diamond_cobblegen_block":2,"stat.mineBlock.minecraft.fence":37,"stat.useItem.minecraft.wheat_seeds":49,"stat.craftItem.morecauldrons.cobble_cauldron":3,"stat.pickup.minecraft.lever":6,"stat.deaths":15,"stat.pickup.minecraft.egg":301,"stat.pickup.xlfoodmod.raw_corn":124,"stat.pickup.sky_orchards.sapling_lapis":24,"stat.pickup.mekanism.energycube":2,"stat.craftItem.minecraft.repeater":8,"stat.chestOpened":916,"stat.pickup.mob_grinding_utils.tank_sink":1,"stat.pickup.thermalfoundation.wrench":1,"stat.craftItem.deepmoblearning.glitch_infused_helmet":1,"stat.craftItem.cyclicmagic.clock":2,"stat.useItem.mob_grinding_utils.entity_conveyor":5,"stat.craftItem.minecraft.quartz_block":8,"stat.craftItem.minecraft.coal":992,"stat.craftItem.sky_orchards.sapling_redstone":2,"stat.pickup.minecraft.carrot":1,"stat.pickup.inspirations.dyed_bottle":2,"stat.crouchOneCm":257587,"stat.craftItem.minecraft.diamond":131,"stat.craftItem.minecraft.iron_ingot":1032,"stat.pickup.bonsaitrees.bonsaipot":28,"stat.craftingTableInteraction":83,"stat.mineBlock.tconstruct.rack":15,"stat.pickup.minecraft.repeater":2,"stat.pickup.xlfoodmod.rice":63,"stat.pickup.minecraft.dye":56,"stat.pickup.minecraft.planks":47,"stat.pickup.sky_orchards.resin_iron":18,"stat.pickup.weirdinggadget.weirding_gadget":2,"stat.craftItem.minecraft.magma":20,"stat.craftItem.mekanism.speedupgrade":28,"stat.pickup.sky_orchards.sapling_iron":4,"stat.useItem.realfilingcabinet.modelcabinet":39,"stat.pickup.minecraft.magma":2,"stat.drop.bonsaitrees.bonsaipot":1,"stat.mineBlock.inspirations.path":1,"stat.craftItem.tcomplement.porcelain_melter":2,"stat.pickup.sky_orchards.resin_gravel":52,"stat.mineBlock.rustic.barrel":2,"stat.useItem.slabmachines.furnace_slab":1,"stat.pickup.minecraft.chicken":3,"stat.pickup.minecraft.end_stone":39,"stat.useItem.minecraft.glass_pane":15,"stat.pickup.minecraft.coal_block":7,"stat.craftItem.minecraft.bucket":7,"stat.craftItem.minecraft.planks":2096,"stat.craftItem.minecraft.dirt":149,"stat.mineBlock.realfilingcabinet.modelcabinet":33,"stat.craftItem.rustic.fertile_soil":13,"stat.pickup.sky_orchards.leaves_petrified":92,"stat.useItem.carryon.entity_item":4,"stat.craftItem.storagenetwork.master":3,"stat.craftItem.minecraft.cobblestone":28,"stat.mineBlock.mob_grinding_utils.tank_sink":2,"stat.mineBlock.minecraft.cobblestone":536,"stat.pickup.minecraft.flint":2,"stat.killEntity.Human":19,"stat.mineBlock.minecraft.concrete":71,"stat.craftItem.nuclearcraft.alloy_furnace_idle":1,"stat.mineBlock.minecraft.stained_glass_pane":10,"stat.pickup.realfilingcabinet.modelcabinet":37,"stat.drop.minecraft.cobblestone":3,"stat.mineBlock.morecauldrons.oak_cauldron":2,"stat.useItem.minecraft.coal_block":7,"stat.craftItem.mob_grinding_utils.absorption_hopper":1,"stat.mineBlock.minecraft.dropper":2,"stat.useItem.minecraft.stone_slab2":475,"stat.pickup.forge.bucketfilled":2,"stat.craftItem.minecraft.furnace":148,"stat.craftItem.minecraft.lapis_block":65,"stat.mineBlock.cyclicmagic.trash":2,"stat.craftItem.storagenetwork.ex_kabel":4,"stat.useItem.rustic.barrel":1,"stat.pickup.mekanism.enrichedalloy":1,"stat.useItem.thermaldynamics.duct_32":24,"stat.mineBlock.morecauldrons.cobble_cauldron":7,"stat.useItem.rustic.cabinet":12,"stat.craftItem.minecraft.iron_block":92,"stat.pickup.thermaldynamics.retriever":18,"stat.pickup.thermaldynamics.duct_0":61,"stat.mineBlock.cookingforblockheads.cow_jar":1,"stat.useItem.tconstruct.rack":11,"stat.killEntity.Creeper":6,"stat.pickup.deepmoblearning.glitch_heart":8,"stat.pickup.inspirations.path":1,"stat.pickup.tombstone.crafting_ingredient":3,"stat.craftItem.tconstruct.stone_stick":16,"stat.useItem.sky_orchards.sapling_petrified":7,"stat.useItem.minecraft.dropper":3,"stat.pickup.thermaldynamics.duct_32":16,"stat.sprintOneCm":192279,"stat.mineBlock.minecraft.stone_slab":5,"stat.useItem.carryon.tile_item":99,"stat.mineBlock.sky_orchards.leaves_petrified":285,"stat.pickup.minecraft.sugar":1,"stat.pickup.minecraft.vine":1,"stat.drop.tombstone.grave_key":1,"stat.mineBlock.bonsaitrees.bonsaipot":27,"stat.craftItem.minecraft.emerald":64,"stat.craftItem.torchmaster.feral_flare_lantern":1,"stat.killEntity.Zombie":18,"stat.craftItem.deepmoblearning.data_model_blank":1,"stat.craftItem.minecraft.dye":493,"stat.mineBlock.tp.maloberry_bush":1,"stat.pickup.minecraft.wheat":249,"stat.mineBlock.tconstruct.slime_leaves":72,"stat.useItem.tp.maloberry_berry":1,"stat.craftItem.rustic.cabinet":24,"stat.pickup.storagenetwork.kabel":9,"stat.craftItem.sky_orchards.sapling_coal":1,"stat.pickup.sky_orchards.resin_clay":203,"stat.pickup.minecraft.coal":36,"stat.pickup.minecraft.iron_ingot":1,"stat.craftItem.minecraft.lever":7,"stat.pickup.minecraft.gunpowder":115,"stat.pickup.minecraft.dirt":56,"stat.pickup.cyclicmagic.clock":3,"stat.craftItem.realfilingcabinet.emptyfolder":192,"stat.brewingstandInteraction":1,"stat.useItem.simplegenerators.geothermal_simple":5,"stat.mineBlock.minecraft.torch":58,"stat.mineBlock.minecraft.red_flower":14,"stat.pickup.minecraft.written_book":2,"stat.craftItem.minecraft.comparator":4,"stat.craftItem.minecraft.glowstone":14,"stat.pickup.sky_orchards.sapling_clay":114,"stat.useItem.storagenetwork.storage_kabel":63,"stat.craftItem.mekanismgenerators.solarpanel":12,"stat.craftItem.sky_orchards.acorn_bone":64,"stat.useItem.minecraft.lava_bucket":2,"stat.craftItem.morecauldrons.oak_cauldron":1,"stat.craftItem.cookingforblockheads.milk_jar":2,"stat.pickup.mob_grinding_utils.tank":4,"stat.pickup.cyclicmagic.ender_pearl_reuse":1,"stat.craftItem.storagenetwork.im_kabel":4,"stat.pickup.cookingforblockheads.cow_jar":1,"stat.drop.minecraft.egg":1,"stat.useItem.minecraft.redstone_ore":10,"stat.pickup.translocators.translocator_part":5,"stat.mobKills":359,"stat.pickup.cyclicmagic.fluid_pipe":7,"stat.mineBlock.simplegenerators.geothermal_upgradable":12,"stat.useItem.mob_grinding_utils.tank":2,"stat.drop.minecraft.written_book":1,"stat.pickup.minecraft.beetroot_seeds":4,"stat.mineBlock.rustic.crushing_tub":4,"stat.mineBlock.sky_orchards.log_petrified":67,"stat.pickup.tp.diamond_cobblegen_block":2,"stat.mineBlock.cyclicmagic.clock":3,"stat.craftItem.deepmoblearning.data_model_enderman":1,"stat.killEntity.Blaze":6,"stat.mineBlock.mob_grinding_utils.absorption_hopper":4,"stat.useItem.cyclicmagic.fluid_pump":3,"stat.pickup.minecraft.glowstone_dust":17,"stat.craftItem.horsepower.hand_grindstone":2,"stat.pickup.rustic.barrel":1,"stat.craftItem.minecraft.cobblestone_wall":72,"stat.mineBlock.minecraft.sand":1,"stat.craftItem.deepmoblearning.soot_covered_plate":8,"stat.pickup.inspirations.mulch":6,"stat.pickup.sky_orchards.amber_nickel":80,"stat.hopperInspected":33,"stat.pickup.tconstruct.slime_sapling":10,"stat.mineBlock.cyclicmagic.auto_packager":28,"stat.pickup.mekanismgenerators.generator":3,"stat.pickup.mob_grinding_utils.fan_upgrade":20,"stat.pickup.integrateddynamics.menril_leaves":3,"stat.craftItem.minecraft.magma_cream":81,"stat.craftItem.thermalfoundation.material":816,"stat.craftItem.cyclicmagic.block_storeempty":1,"stat.craftItem.tcomplement.porcelain_casting":4,"stat.pickup.deepmoblearning.pristine_matter_enderman":12,"stat.useItem.thermaldynamics.duct_0":146,"stat.pickup.sky_orchards.leaves_lapis":192,"stat.useItem.cyclicmagic.auto_packager":41,"stat.mineBlock.storagenetwork.kabel":9,"stat.mineBlock.mob_grinding_utils.xp_tap":2,"stat.craftItem.deepmoblearning.glitch_infused_chestplate":1,"stat.craftItem.minecraft.fence_gate":3,"stat.useItem.sky_orchards.leaves_coal":1,"stat.pickup.minecraft.pumpkin_seeds":7,"stat.pickup.tconstruct.slime_dirt":2,"stat.mineBlock.simplegenerators.geothermal_simple":7,"stat.craftItem.simplegenerators.geothermal_simple":9,"stat.useItem.sky_orchards.leaves_dirt":3,"stat.pickup.minecraft.blaze_rod":2,"stat.useItem.sky_orchards.acorn_dirt":8,"stat.pickup.mekanism.otherdust":2,"stat.craftItem.mob_grinding_utils.entity_conveyor":6,"stat.craftItem.inspirations.path":3,"stat.craftItem.storagenetwork.kabel":200,"stat.pickup.sky_orchards.acorn_petrified":250,"stat.craftItem.sky_orchards.amber_coal":12,"stat.craftItem.sky_orchards.sapling_diamond":1,"stat.pickup.sky_orchards.resin_sand":48,"stat.pickup.sky_orchards.resin_gold":1,"stat.craftItem.inspirations.mulch":76,"stat.pickup.sky_orchards.leaves_bone":30,"stat.pickup.minecraft.melon_seeds":2,"stat.pickup.minecraft.dropper":2,"stat.dropperInspected":19,"stat.pickup.sky_orchards.leaves_emerald":1,"stat.drop.minecraft.bone":1,"stat.useItem.minecraft.furnace":7,"stat.craftItem.tconstruct.materials":186,"stat.mineBlock.cyclicmagic.spikes_diamond":7,"stat.pickup.cyclicmagic.block_storeempty":1,"stat.useItem.minecraft.torch":124,"stat.craftItem.minecraft.redstone_block":257,"stat.pickup.minecraft.crafting_table":2,"stat.useItem.minecraft.log":2,"stat.useItem.minecraft.comparator":2,"stat.craftItem.minecraft.crafting_table":95,"stat.pickup.simplegenerators.geothermal_simple":7,"stat.pickup.sky_orchards.acorn_sand":103,"stat.pickup.minecraft.sapling":101,"stat.mineBlock.morecauldrons.glass_cauldron":2,"stat.craftItem.thermaldynamics.retriever":16,"stat.killEntity.WitherSkeleton":5,"stat.mineBlock.mekanism.machineblock":6,"stat.pickup.minecraft.stone_slab":6,"stat.pickup.minecraft.yellow_flower":33,"stat.useItem.sky_orchards.sapling_dirt":13,"stat.drop.minecraft.wooden_axe":7,"stat.drop.minecraft.stone_pickaxe":1,"stat.craftItem.minecraft.diamond_chestplate":4,"stat.pickup.minecraft.bone":163,"stat.craftItem.ceramics.unfired_clay":146,"stat.pickup.minecraft.redstone_torch":11,"stat.horseOneCm":71587,"stat.mineBlock.cyclicmagic.fluid_pump":4,"stat.pickup.sky_orchards.resin_dirt":165,"stat.useItem.minecraft.diamond_sword":1501,"stat.craftItem.minecraft.diamond_helmet":4,"stat.climbOneCm":1128,"stat.craftItem.minecraft.gold_block":9,"stat.mineBlock.mekanism.energycube":1,"stat.craftItem.inspirations.stone_crook":4,"stat.pickup.tp.watering_can":1,"stat.useItem.xlfoodmod.rice_seeds":16,"stat.craftItem.minecraft.bone_block":30,"stat.craftItem.sky_orchards.sapling_bone":1,"stat.pickup.minecraft.anvil":1,"stat.craftItem.minecraft.trapdoor":18,"stat.craftItem.minecraft.stone_pickaxe":10,"stat.pickup.minecraft.cobblestone":7077,"stat.craftItem.minecraft.glass_bottle":3,"stat.pickup.sky_orchards.resin_coal":63,"stat.pickup.sky_orchards.sapling_petrified":67,"stat.pickup.minecraft.redstone":80,"stat.mineBlock.xlfoodmod.vanilla_flower":1,"stat.killEntity.ranged_rogue_android":6,"stat.craftItem.xlfoodmod.corn_seeds":2,"stat.pickup.minecraft.iron_shovel":1,"stat.mineBlock.storagenetwork.storage_kabel":10,"stat.useItem.tconstruct.edible":2,"stat.mineBlock.sky_orchards.leaves_clay":178,"stat.mineBlock.rustic.cabinet":28,"stat.craftItem.thermaldynamics.duct_32":42,"stat.pickup.minecraft.paper":1,"stat.craftItem.minecraft.stick":24,"stat.craftItem.minecraft.gold_nugget":54,"stat.pickup.minecraft.grass":4,"stat.craftItem.cyclicmagic.auto_packager":16,"stat.craftItem.minecraft.clay_ball":728,"stat.pickup.mekanism.speedupgrade":3,"stat.mineBlock.minecraft.planks":66,"stat.drop":31,"stat.useItem.tp.diamond_cobblegen_block":3,"stat.drop.rustic.barrel":1,"stat.craftItem.deepmoblearning.glitch_infused_leggings":1,"stat.useItem.inspirations.stone_crook":344,"stat.pickup.mekanism.basicblock":5,"stat.pickup.cyclicmagic.fluid_pump":4,"stat.craftItem.minecraft.piston":20,"stat.craftItem.supersoundmuffler.sound_muffler":1,"stat.pickup.morecauldrons.cobble_cauldron":7,"stat.useItem.minecraft.apple":14,"stat.useItem.minecraft.potion":1,"stat.pickup.minecraft.fence":37,"stat.useItem.minecraft.stone_axe":224,"stat.pickup.sky_orchards.leaves_cottonwood":192,"stat.drop.inspirations.stone_crook":1,"stat.mineBlock.tconstruct.tooltables":4,"stat.craftItem.minecraft.iron_bars":704,"stat.mineBlock.minecraft.furnace":3,"stat.damageDealt":77920,"stat.craftItem.minecraft.anvil":2,"stat.craftItem.minecraft.gravel":197,"stat.craftItem.nuclearcraft.part":18,"stat.pickup.minecraft.stick":811,"stat.pickup.sky_orchards.acorn_clay":274,"stat.pickup.rustic.apple_seeds":1,"stat.pickup.sky_orchards.acorn_emerald":18,"stat.craftItem.minecraft.diamond_boots":4,"stat.pickup.mob_grinding_utils.entity_conveyor":1,"stat.craftItem.mob_grinding_utils.ender_inhibitor_on":2,"stat.pickup.sky_orchards.acorn_gravel":130,"stat.craftItem.mekanismgenerators.generator":5,"stat.craftItem.nuclearcraft.manufactory_idle":1,"stat.craftItem.minecraft.redstone":1593,"stat.craftItem.tp.watering_can":2,"stat.craftItem.sky_orchards.amber_cottonwood":64,"stat.craftItem.bdsandm.wood_crate":13,"stat.killEntity.Chicken":4,"stat.drop.minecraft.crafting_table":1,"stat.pickup.minecraft.concrete_powder":1,"stat.craftItem.minecraft.fence":222,"stat.craftItem.mob_grinding_utils.xp_tap":1,"stat.useItem.minecraft.golden_apple":13,"stat.mineBlock.minecraft.leaves":265,"stat.craftItem.sky_orchards.amber_nickel":7,"stat.craftItem.nuclearcraft.upgrade":5,"stat.useItem.thermaldynamics.retriever":26,"stat.pickup.sky_orchards.leaves_copper":53,"stat.pickup.sky_orchards.acorn_osmium":6,"stat.pickup.minecraft.wooden_slab":10,"stat.leaveGame":40,"stat.craftItem.thermalfoundation.wrench":1,"stat.pickup.tconstruct.edible":1,"stat.useItem.minecraft.glowstone":13,"stat.craftItem.minecraft.ender_eye":61,"stat.killEntity.PigZombie":1,"stat.craftItem.minecraft.stone_pressure_plate":3,"stat.entityKilledBy.PigZombie":1,"stat.craftItem.inspirations.dyed_bottle":3,"stat.craftItem.sky_orchards.amber_clay":64,"stat.craftItem.sky_orchards.sapling_gravel":1,"stat.pickup.sky_orchards.sapling_dirt":94,"stat.craftItem.minecraft.noteblock":1,"stat.craftItem.rustic.barrel":4,"stat.craftItem.bdsandm.upgrade":7,"stat.killEntity.Witch":1,"stat.pickup.sky_orchards.resin_petrified":244,"stat.craftItem.mekanism.energycube":2,"stat.craftItem.minecraft.bed":1,"stat.mineBlock.minecraft.hopper":5,"stat.pickup.thermalfoundation.material":73,"stat.craftItem.tp.iron_cobblegen_block":4,"stat.pickup.simplegenerators.geothermal_upgradable":12,"stat.killEntity.ZombieVillager":2,"stat.craftItem.cyclicmagic.fluid_pipe":24,"stat.craftItem.storagenetwork.storage_kabel":64,"stat.pickup.inspirations.potato_seeds":10,"stat.pickup.sky_orchards.sapling_coal":9,"stat.pickup.mob_grinding_utils.absorption_hopper":4,"stat.pickup.minecraft.potion":2,"stat.craftItem.minecraft.dropper":8,"stat.pickup.sky_orchards.leaves_coal":41,"stat.useItem.minecraft.dye":68,"stat.pickup.sky_orchards.leaves_dirt":21,"stat.drop.cyclicmagic.ender_pearl_reuse":1,"stat.pickup.storagenetwork.remote":4,"stat.drop.minecraft.glass_bottle":1,"stat.mineBlock.minecraft.tallgrass":219,"stat.pickup.sky_orchards.acorn_quartz":42,"stat.pickup.inspirations.stone_crook":1,"stat.useItem.minecraft.stone":5,"stat.pickup.minecraft.arrow":126,"stat.craftItem.deepmoblearning.trial_key":5,"stat.craftItem.mekanism.machineblock":43,"stat.useItem.xlfoodmod.raw_corn":2,"stat.useItem.sky_orchards.amber_cottonwood":1,"stat.mineBlock.minecraft.chest":31,"stat.mineBlock.minecraft.concrete_powder":1,"stat.craftItem.minecraft.hopper":56,"stat.mineBlock.mekanism.basicblock":5,"stat.craftItem.cyclicmagic.trash":2,"stat.pickup.sky_orchards.sapling_tin":21,"stat.useItem.minecraft.reeds":14,"stat.mineBlock.cyclicmagic.fluid_pipe":7,"stat.pickup.minecraft.wheat_seeds":194,"stat.craftItem.sky_orchards.acorn_iron":64,"stat.mineBlock.minecraft.glass":8,"stat.pickup.darkutils.material":2,"stat.pickup.pickletweaks.dye_powder":1,"stat.mineBlock.minecraft.dirt":48,"stat.pickup.sky_orchards.acorn_iron":43,"stat.pickup.minecraft.brewing_stand":1,"stat.pickup.inspirations.carrot_seeds":5,"stat.craftItem.tp.toasted_bread":64,"stat.useItem.cyclicmagic.clock":2,"stat.useItem.minecraft.cobblestone":3273,"stat.pickup.cyclicmagic.auto_packager":28,"stat.pickup.mob_grinding_utils.xp_tap":3,"stat.craftItem.deepmoblearning.glitch_infused_boots":1,"stat.craftItem.mob_grinding_utils.fan_upgrade":36,"stat.craftItem.minecraft.gold_ingot":384,"stat.pickup.minecraft.hopper":5,"stat.pickup.minecraft.apple":32,"stat.pickup.morecauldrons.oak_cauldron":2,"stat.mineBlock.minecraft.log":64,"stat.pickup.rustic.sapling_apple":15,"stat.mineBlock.deepmoblearning.trial_keystone":2,"stat.craftItem.minecraft.paper":126,"stat.useItem.cyclicmagic.fluid_pipe":13,"stat.pickup.minecraft.red_flower":15,"stat.useItem.minecraft.wooden_axe":210,"stat.cakeSlicesEaten":3,"stat.craftItem.storagenetwork.remote":2,"stat.craftItem.minecraft.diamond_leggings":4,"stat.pickup.sky_orchards.resin_osmium":1,"stat.mineBlock.minecraft.yellow_flower":32,"stat.craftItem.minecraft.wool":15,"stat.pickup.pickletweaks.coal_piece":4,"stat.useItem.minecraft.concrete_powder":70,"stat.useItem.minecraft.egg":118,"stat.useItem.xlfoodmod.corn_seeds":14,"stat.useItem.mob_grinding_utils.fan":1,"stat.mineBlock.sky_orchards.leaves_dirt":500,"stat.craftItem.minecraft.bow":1,"stat.craftItem.sky_orchards.amber_gold":833,"stat.useItem.morecauldrons.glass_cauldron":3,"stat.flyOneCm":1837275,"stat.mineBlock.sky_orchards.leaves_coal":2,"stat.timeSinceDeath":881499,"stat.killEntity.Bat":1,"stat.useItem.minecraft.potato":2,"stat.craftItem.tconstruct.slime_dirt":1,"stat.pickup.minecraft.nether_wart":10,"stat.mineBlock.minecraft.enchanting_table":2,"stat.craftItem.tcomplement.porcelain_tank":2,"stat.craftItem.minecraft.concrete_powder":240,"stat.pickup.minecraft.shield":1,"stat.craftItem.minecraft.stone_hoe":4,"stat.useItem.tp.toasted_bread":17,"stat.pickup.minecraft.string":73,"stat.pickup.sky_orchards.amber_iron":63,"stat.pickup.tcomplement.porcelain_casting":1,"stat.pickup.sky_orchards.leaves_osmium":1,"stat.useItem.minecraft.written_book":2,"stat.craftItem.tconstruct.tooltables":3,"stat.craftItem.minecraft.wooden_axe":6,"stat.craftItem.valkyrielib.modifier_speed":88,"stat.pickup.sky_orchards.leaves_gravel":33,"stat.craftItem.minecraft.wooden_pressure_plate":6,"stat.mineBlock.tp.blueberry_bush":1,"stat.craftItem.deepmoblearning.machine_casing":1,"stat.pickup.deepmoblearning.trial_keystone":2,"stat.diveOneCm":12424,"stat.pickup.tconstruct.tooltables":4,"stat.pickup.realfilingcabinet.emptyfolder":2,"stat.useItem.mekanism.basicblock":4,"stat.useItem.bonsaitrees.bonsaipot":17,"stat.craftItem.deepmoblearning.deep_learner":1,"stat.useItem.minecraft.rotten_flesh":2,"stat.drop.minecraft.apple":1,"stat.entityKilledBy.deepmoblearning.glitch":1,"stat.craftItem.minecraft.diamond_sword":4,"stat.jump":6872,"stat.useItem.minecraft.sand":16,"stat.craftItem.minecraft.torch":276,"stat.craftItem.sky_orchards.sapling_lapis":2,"stat.useItem.minecraft.glass":7,"stat.pickup.sky_orchards.resin_bone":34,"stat.useItem.minecraft.sapling":4,"stat.useItem.cyclicmagic.spikes_diamond":8,"stat.mineBlock.minecraft.glass_pane":5,"stat.damageTaken":6070,"stat.pickup.cyclicmagic.trash":3,"stat.craftItem.deepmoblearning.trial_keystone":1,"stat.craftItem.sky_orchards.amber_lead":322,"stat.pickup.minecraft.concrete":71,"stat.pickup.minecraft.quartz_block":389,"stat.pickup.xlfoodmod.rice_seeds":65,"stat.useItem.forge.bucketfilled":3,"stat.pickup.minecraft.potato":3,"stat.craftItem.minecraft.stone_slab":150,"stat.useItem.minecraft.chest":27,"stat.pickup.sky_orchards.acorn_nickel":1,"stat.pickup.sky_orchards.sapling_bone":52,"stat.pickup.sky_orchards.leaves_sand":122,"stat.craftItem.mekanism.ingot":64,"stat.craftItem.sky_orchards.amber_silver":130,"stat.craftItem.rustic.crushing_tub":3,"stat.pickup.minecraft.ender_pearl":105,"stat.craftItem.cyclicmagic.fluid_pump":4,"stat.mineBlock.minecraft.stonebrick":2,"stat.mineBlock.minecraft.glowstone":7,"stat.craftItem.sky_orchards.acorn_clay":64,"stat.useItem.minecraft.cobblestone_wall":109,"stat.pickup.minecraft.torch":111,"stat.craftItem.mekanism.controlcircuit":4,"stat.drop.minecraft.stone_axe":2,"stat.craftItem.sky_orchards.sapling_cottonwood":2,"stat.useItem.inspirations.path":1,"stat.craftItem.storagenetwork.request":3,"stat.useItem.minecraft.planks":140,"stat.craftItem.sky_orchards.sapling_petrified":1,"stat.pickup.minecraft.blaze_powder":1,"stat.craftItem.xlfoodmod.flesh":4,"stat.useItem.minecraft.water_bucket":38,"stat.craftItem.minecraft.golden_apple":6,"stat.pickup.minecraft.sand":1,"stat.pickup.tp.maloberry_berry":1,"stat.entityKilledBy.Spider":1,"stat.craftItem.mekanism.basicblock":28,"stat.craftItem.cyclicmagic.sprinkler":2,"stat.craftItem.minecraft.blaze_powder":2,"stat.craftItem.minecraft.hardened_clay":2,"stat.pickup.xlfoodmod.lettuce_seeds":7,"stat.pickup.mob_grinding_utils.ender_inhibitor_on":1,"stat.pickup.minecraft.furnace":3,"stat.useItem.minecraft.redstone":47,"stat.pickup.xlfoodmod.vanilla_flower":1,"stat.pickup.minecraft.skull":1,"stat.pickup.deepmoblearning.soot_covered_redstone":64,"stat.craftItem.minecraft.sand":809,"stat.useItem.minecraft.hopper":3,"stat.useItem.storagenetwork.kabel":27,"stat.craftItem.minecraft.heavy_weighted_pressure_plate":14,"stat.pickup.deepmoblearning.glitch_fragment":43,"stat.playOneMinute":2070506,"stat.useItem.rustic.fertile_soil":1,"stat.pickup.tconstruct.rack":15,"stat.drop.minecraft.string":4,"stat.pickup.minecraft.iron_bars":14,"stat.craftItem.tp.cobblegen_block":5,"stat.pickup.sky_orchards.amber_cottonwood":65,"stat.useItem.inspirations.wooden_crook":72,"stat.craftItem.minecraft.iron_nugget":135,"stat.fallOneCm":1460105,"stat.pickup.sky_orchards.sapling_netherrack":1,"stat.craftItem.minecraft.chest":193,"stat.useItem.inspirations.mulch":1,"stat.mineBlock.minecraft.lever":3,"stat.pickup.sky_orchards.sapling_sand":45,"stat.pickup.minecraft.comparator":5,"stat.mineBlock.mob_grinding_utils.ender_inhibitor_on":1,"stat.pickup.minecraft.feather":3,"stat.mineBlock.bdsandm.wood_crate":12,"stat.pickup.sky_orchards.amber_coal":12,"stat.killEntity.deepmoblearning.glitch":4,"stat.pickup.sky_orchards.sapling_gold":18,"stat.pickup.rustic.fertile_soil":13,"stat.craftItem.morecauldrons.glass_cauldron":4,"stat.useItem.minecraft.stone_pickaxe":301,"stat.pickup.mob_grinding_utils.fan":6,"stat.craftItem.sky_orchards.amber_tin":66,"stat.useItem.minecraft.iron_bars":14,"stat.mineBlock.cyclicmagic.block_storeempty":1,"stat.mineBlock.sky_orchards.sapling_dirt":3,"stat.pickup.sky_orchards.leaves_clay":93,"stat.craftItem.ceramics.clay_bucket":2,"stat.useItem.xlfoodmod.flesh":1,"stat.pickup.minecraft.log":1320,"stat.mineBlock.rustic.fertile_soil":1,"stat.pickup.mekanism.machineblock":7,"stat.pickup.matteroverdrive.rogue_android_part":9,"stat.pickup.sky_orchards.leaves_quartz":4,"stat.craftItem.mob_grinding_utils.fan":3,"stat.entityKilledBy.Enderman":2,"stat.useItem.xlfoodmod.donut":1,"stat.killEntity.rogue_android":7,"stat.pickup.minecraft.diamond_helmet":3,"stat.craftItem.thermaldynamics.duct_0":120,"stat.mineBlock.sky_orchards.log_clay":36,"stat.useItem.minecraft.stone_hoe":76,"stat.drop.tconstruct.edible":1,"stat.craftItem.simplegenerators.geothermal_upgradable":9,"stat.craftItem.sky_orchards.acorn_diamond":1167,"stat.sneakTime":71318,"stat.mineBlock.minecraft.cobblestone_wall":62,"stat.mineBlock.mob_grinding_utils.tank":4,"stat.pickup.minecraft.chest":36,"stat.mineBlock.ceramics.faucet":1,"stat.useItem.minecraft.repeater":1,"stat.pickup.cyclicmagic.spikes_diamond":9,"stat.craftItem.sky_orchards.amber_iron":1078,"stat.swimOneCm":102452,"stat.useItem.realfilingcabinet.folder":1,"stat.pickup.realfilingcabinet.folder":5,"stat.useItem.minecraft.dirt":145,"stat.useItem.storagenetwork.remote":4,"stat.pickup.minecraft.enchanting_table":2,"stat.pickup.sky_orchards.sapling_lead":21,"stat.craftItem.minecraft.wooden_slab":60,"stat.pickup.sky_orchards.resin_nickel":7,"stat.mineBlock.mekanismgenerators.generator":3,"stat.useItem.simplegenerators.geothermal_upgradable":6,"stat.useItem.minecraft.lever":2,"stat.pickup.minecraft.wooden_axe":1,"stat.mineBlock.minecraft.coal_block":7,"stat.pickup.minecraft.stonebrick":2,"stat.useItem.sky_orchards.sapling_clay":5,"stat.craftItem.minecraft.brick_block":60,"stat.pickup.xlfoodmod.corn_seeds":118,"stat.craftItem.mekanism.energytablet":8,"stat.craftItem.minecraft.stone_slab2":0,"stat.pickup.sky_orchards.sapling_cottonwood":27,"stat.mineBlock.tcomplement.porcelain_melter":4,"stat.useItem.minecraft.stone_slab":7,"stat.craftItem.minecraft.stone":135,"stat.pickup.integrateddynamics.menril_log":1,"stat.mineBlock.minecraft.crafting_table":2,"stat.useItem.minecraft.diamond_pickaxe":802,"stat.mineBlock.minecraft.quartz_block":5,"stat.craftItem.cyclicmagic.spikes_diamond":4,"stat.craftItem.nuclearcraft.dust":16,"stat.mineBlock.rustic.leaves_apple":39,"stat.craftItem.sky_orchards.sapling_clay":1,"stat.pickup.rustic.cabinet":28,"stat.craftItem.minecraft.diamond_pickaxe":2,"stat.pickup.ceramics.faucet":1,"stat.craftItem.minecraft.clay":233,"stat.pickup.integrateddynamics.crystalized_menril_chunk":3,"stat.useItem.thermalfoundation.wrench":131,"stat.mineBlock.tconstruct.slime_dirt":2,"stat.pickup.minecraft.diamond_sword":1,"stat.craftItem.minecraft.brick_stairs":12,"stat.pickup.sky_orchards.leaves_iron":11,"stat.pickup.minecraft.brick":2,"stat.craftItem.tconstruct.rack":7,"stat.pickup.sky_orchards.sapling_redstone":20,"stat.craftItem.bonsaitrees.bonsaipot":81,"stat.craftItem.minecraft.bread":64,"stat.pickup.minecraft.spider_eye":13,"stat.pickup.tconstruct.slime_congealed":5,"stat.mineBlock.minecraft.iron_bars":14,"stat.pickup.mysticalagriculture.crafting":23,"stat.pickup.minecraft.reeds":750,"stat.craftItem.sky_orchards.amber_copper":12,"stat.drop.tp.watering_can":1,"stat.pickup.storagenetwork.storage_kabel":10,"stat.useItem.bdsandm.wood_crate":6,"stat.craftItem.minecraft.glass":280,"stat.craftItem.resourcehogs.mud_bucket":1,"stat.craftItem.minecraft.cauldron":9,"stat.sleepInBed":3,"stat.craftItem.translocators.translocator_part":36,"stat.pickup.sky_orchards.acorn_bone":76,"stat.walkOneCm":4574557,"stat.craftItem.inspirations.wooden_crook":4,"stat.mineBlock.thermaldynamics.duct_0":14,"stat.drop.mob_grinding_utils.entity_conveyor":1,"stat.craftItem.ceramics.faucet":2,"stat.pickup.sky_orchards.sapling_gravel":53,"stat.mineBlock.thermalfoundation.ore_fluid":1,"stat.pickup.minecraft.gold_ingot":44,"stat.killEntity.Skeleton":17,"stat.mineBlock.minecraft.redstone_torch":8,"stat.killEntity.Spider":13,"stat.mineBlock.inspirations.mulch":2,"stat.mineBlock.tcomplement.porcelain_casting":1,"stat.pickup.minecraft.quartz":1,"stat.pickup.minecraft.water_bucket":1,"stat.mineBlock.mob_grinding_utils.fan":6,"stat.craftItem.valkyrielib.modifier_component":124,"stat.craftItem.slabmachines.furnace_slab":2,"stat.pickup.sky_orchards.leaves_tin":192,"stat.craftItem.minecraft.coal_block":7,"stat.craftItem.minecraft.brick":260,"stat.mineBlock.minecraft.stone":4}